<DISASTIG version="2" classification="UNCLASSIFIED" customname="" stigid="Windows_Firewall_with_Advanced_Security" description="This Security Technical Implementation Guide is published as a tool to improve the security of Department of Defense (DoD) information systems. The requirements are derived from the National Institute of Standards and Technology (NIST) 800-53 and related documents. Comments or proposed revisions to this document should be sent via email to the following address: disa.stig_spt@mail.mil." filename="U_MS_Windows_Firewall_STIG_V2R1_Manual-xccdf.xml" releaseinfo="Release: 1 Benchmark Date: 01 Nov 2021 3.2.2.36079 1.10.0" title="Microsoft Windows Firewall with Advanced Security Security Technical Implementation Guide" notice="terms-of-use" source="STIG.DOD.MIL" fullversion="2.1" created="11/23/2021">
  <ManualRule dscresourcemodule="None">
    <Rule id="V-242009" severity="medium" conversionstatus="pass" title="SRG-OS-000480-GPOS-00227" dscresource="None">
      <Description>&lt;VulnDiscussion&gt;Allowing inbound access to domain workstations from other systems may allow lateral movement across systems if credentials are compromised.  Limiting inbound connections only from authorized remote management systems will help limit this exposure.&lt;/VulnDiscussion&gt;&lt;FalsePositives&gt;&lt;/FalsePositives&gt;&lt;FalseNegatives&gt;&lt;/FalseNegatives&gt;&lt;Documentable&gt;false&lt;/Documentable&gt;&lt;Mitigations&gt;&lt;/Mitigations&gt;&lt;SeverityOverrideGuidance&gt;&lt;/SeverityOverrideGuidance&gt;&lt;PotentialImpacts&gt;&lt;/PotentialImpacts&gt;&lt;ThirdPartyTools&gt;&lt;/ThirdPartyTools&gt;&lt;MitigationControl&gt;&lt;/MitigationControl&gt;&lt;Responsibility&gt;&lt;/Responsibility&gt;&lt;IAControls&gt;&lt;/IAControls&gt;</Description>
      <DuplicateOf />
      <IsNullOrEmpty>False</IsNullOrEmpty>
      <LegacyId>V-36440</LegacyId>
      <OrganizationValueRequired>False</OrganizationValueRequired>
      <OrganizationValueTestString />
      <RawString>This requirement is NA for servers and non domain workstations.

Verify firewall exceptions for inbound connections on domain workstations only allow authorized management systems and remote management hosts.

Review inbound firewall exception rules in Windows Firewall with Advanced Security. Firewall rules can be complex and should be reviewed with the firewall administrator.

One method for restricting inbound connections is to only allow exceptions for a specific scope of remote IP addresses.

If allowed inbound exceptions are not limited to authorized management systems and remote management hosts, this is a finding.</RawString>
    </Rule>
  </ManualRule>
  <RegistryRule dscresourcemodule="PSDscResources">
    <Rule id="V-241989.a" severity="medium" conversionstatus="pass" title="SRG-OS-000480-GPOS-00227" dscresource="Registry">
      <Description>&lt;VulnDiscussion&gt;A firewall provides a line of defense against attack.  To be effective, it must be enabled and properly configured.  This setting enables the firewall when connected to the domain.&lt;/VulnDiscussion&gt;&lt;FalsePositives&gt;&lt;/FalsePositives&gt;&lt;FalseNegatives&gt;&lt;/FalseNegatives&gt;&lt;Documentable&gt;false&lt;/Documentable&gt;&lt;Mitigations&gt;&lt;/Mitigations&gt;&lt;SeverityOverrideGuidance&gt;&lt;/SeverityOverrideGuidance&gt;&lt;PotentialImpacts&gt;&lt;/PotentialImpacts&gt;&lt;ThirdPartyTools&gt;&lt;/ThirdPartyTools&gt;&lt;MitigationControl&gt;&lt;/MitigationControl&gt;&lt;Responsibility&gt;&lt;/Responsibility&gt;&lt;IAControls&gt;&lt;/IAControls&gt;</Description>
      <DuplicateOf />
      <Ensure>Present</Ensure>
      <IsNullOrEmpty>False</IsNullOrEmpty>
      <Key>HKEY_LOCAL_MACHINE\SOFTWARE\Policies\Microsoft\WindowsFirewall\DomainProfile</Key>
      <LegacyId>V-17415.a</LegacyId>
      <OrganizationValueRequired>False</OrganizationValueRequired>
      <OrganizationValueTestString />
      <RawString>Registry Hive:  HKEY_LOCAL_MACHINE
Registry Path:  \SOFTWARE\Policies\Microsoft\WindowsFirewall\DomainProfile\
Type:  REG_DWORD
Value Name:  EnableFirewall
Value:  0x00000001 (1)</RawString>
      <ValueData>1</ValueData>
      <ValueName>EnableFirewall</ValueName>
      <ValueType>Dword</ValueType>
    </Rule>
    <Rule id="V-241989.b" severity="medium" conversionstatus="pass" title="SRG-OS-000480-GPOS-00227" dscresource="Registry">
      <Description>&lt;VulnDiscussion&gt;A firewall provides a line of defense against attack.  To be effective, it must be enabled and properly configured.  This setting enables the firewall when connected to the domain.&lt;/VulnDiscussion&gt;&lt;FalsePositives&gt;&lt;/FalsePositives&gt;&lt;FalseNegatives&gt;&lt;/FalseNegatives&gt;&lt;Documentable&gt;false&lt;/Documentable&gt;&lt;Mitigations&gt;&lt;/Mitigations&gt;&lt;SeverityOverrideGuidance&gt;&lt;/SeverityOverrideGuidance&gt;&lt;PotentialImpacts&gt;&lt;/PotentialImpacts&gt;&lt;ThirdPartyTools&gt;&lt;/ThirdPartyTools&gt;&lt;MitigationControl&gt;&lt;/MitigationControl&gt;&lt;Responsibility&gt;&lt;/Responsibility&gt;&lt;IAControls&gt;&lt;/IAControls&gt;</Description>
      <DuplicateOf />
      <Ensure>Present</Ensure>
      <IsNullOrEmpty>False</IsNullOrEmpty>
      <Key>HKEY_LOCAL_MACHINE\SYSTEM\CurrentControlSet\Services\SharedAccess\Parameters\FirewallPolicy\DomainProfile</Key>
      <LegacyId>V-17415.b</LegacyId>
      <OrganizationValueRequired>False</OrganizationValueRequired>
      <OrganizationValueTestString />
      <RawString>Registry Hive:  HKEY_LOCAL_MACHINE
Registry Path:  \SYSTEM\CurrentControlSet\Services\SharedAccess\Parameters\FirewallPolicy\DomainProfile\
Type:  REG_DWORD
Value Name:  EnableFirewall
Value:  0x00000001 (1)</RawString>
      <ValueData>1</ValueData>
      <ValueName>EnableFirewall</ValueName>
      <ValueType>Dword</ValueType>
    </Rule>
    <Rule id="V-241990.a" severity="medium" conversionstatus="pass" title="SRG-OS-000480-GPOS-00227" dscresource="Registry">
      <Description>&lt;VulnDiscussion&gt;A firewall provides a line of defense against attack.  To be effective, it must be enabled and properly configured.  This setting enables the firewall when connected to a private network.&lt;/VulnDiscussion&gt;&lt;FalsePositives&gt;&lt;/FalsePositives&gt;&lt;FalseNegatives&gt;&lt;/FalseNegatives&gt;&lt;Documentable&gt;false&lt;/Documentable&gt;&lt;Mitigations&gt;&lt;/Mitigations&gt;&lt;SeverityOverrideGuidance&gt;&lt;/SeverityOverrideGuidance&gt;&lt;PotentialImpacts&gt;&lt;/PotentialImpacts&gt;&lt;ThirdPartyTools&gt;&lt;/ThirdPartyTools&gt;&lt;MitigationControl&gt;&lt;/MitigationControl&gt;&lt;Responsibility&gt;&lt;/Responsibility&gt;&lt;IAControls&gt;&lt;/IAControls&gt;</Description>
      <DuplicateOf />
      <Ensure>Present</Ensure>
      <IsNullOrEmpty>False</IsNullOrEmpty>
      <Key>HKEY_LOCAL_MACHINE\SOFTWARE\Policies\Microsoft\WindowsFirewall\PrivateProfile</Key>
      <LegacyId>V-17416.a</LegacyId>
      <OrganizationValueRequired>False</OrganizationValueRequired>
      <OrganizationValueTestString />
      <RawString>Registry Hive:  HKEY_LOCAL_MACHINE
Registry Path:  \SOFTWARE\Policies\Microsoft\WindowsFirewall\PrivateProfile\
Type:  REG_DWORD
Value Name:  EnableFirewall
Value:  0x00000001 (1)</RawString>
      <ValueData>1</ValueData>
      <ValueName>EnableFirewall</ValueName>
      <ValueType>Dword</ValueType>
    </Rule>
    <Rule id="V-241990.b" severity="medium" conversionstatus="pass" title="SRG-OS-000480-GPOS-00227" dscresource="Registry">
      <Description>&lt;VulnDiscussion&gt;A firewall provides a line of defense against attack.  To be effective, it must be enabled and properly configured.  This setting enables the firewall when connected to a private network.&lt;/VulnDiscussion&gt;&lt;FalsePositives&gt;&lt;/FalsePositives&gt;&lt;FalseNegatives&gt;&lt;/FalseNegatives&gt;&lt;Documentable&gt;false&lt;/Documentable&gt;&lt;Mitigations&gt;&lt;/Mitigations&gt;&lt;SeverityOverrideGuidance&gt;&lt;/SeverityOverrideGuidance&gt;&lt;PotentialImpacts&gt;&lt;/PotentialImpacts&gt;&lt;ThirdPartyTools&gt;&lt;/ThirdPartyTools&gt;&lt;MitigationControl&gt;&lt;/MitigationControl&gt;&lt;Responsibility&gt;&lt;/Responsibility&gt;&lt;IAControls&gt;&lt;/IAControls&gt;</Description>
      <DuplicateOf />
      <Ensure>Present</Ensure>
      <IsNullOrEmpty>False</IsNullOrEmpty>
      <Key>HKEY_LOCAL_MACHINE\SYSTEM\CurrentControlSet\Services\SharedAccess\Parameters\FirewallPolicy\StandardProfile</Key>
      <LegacyId>V-17416.b</LegacyId>
      <OrganizationValueRequired>False</OrganizationValueRequired>
      <OrganizationValueTestString />
      <RawString>Registry Hive:  HKEY_LOCAL_MACHINE
Registry Path:  \SYSTEM\CurrentControlSet\Services\SharedAccess\Parameters\FirewallPolicy\StandardProfile\
Type:  REG_DWORD
Value Name:  EnableFirewall
Value:  0x00000001 (1)</RawString>
      <ValueData>1</ValueData>
      <ValueName>EnableFirewall</ValueName>
      <ValueType>Dword</ValueType>
    </Rule>
    <Rule id="V-241991.a" severity="medium" conversionstatus="pass" title="SRG-OS-000480-GPOS-00227" dscresource="Registry">
      <Description>&lt;VulnDiscussion&gt;A firewall provides a line of defense against attack.  To be effective, it must be enabled and properly configured.  This setting enables the firewall when connected to a public network.&lt;/VulnDiscussion&gt;&lt;FalsePositives&gt;&lt;/FalsePositives&gt;&lt;FalseNegatives&gt;&lt;/FalseNegatives&gt;&lt;Documentable&gt;false&lt;/Documentable&gt;&lt;Mitigations&gt;&lt;/Mitigations&gt;&lt;SeverityOverrideGuidance&gt;&lt;/SeverityOverrideGuidance&gt;&lt;PotentialImpacts&gt;&lt;/PotentialImpacts&gt;&lt;ThirdPartyTools&gt;&lt;/ThirdPartyTools&gt;&lt;MitigationControl&gt;&lt;/MitigationControl&gt;&lt;Responsibility&gt;&lt;/Responsibility&gt;&lt;IAControls&gt;&lt;/IAControls&gt;</Description>
      <DuplicateOf />
      <Ensure>Present</Ensure>
      <IsNullOrEmpty>False</IsNullOrEmpty>
      <Key>HKEY_LOCAL_MACHINE\SOFTWARE\Policies\Microsoft\WindowsFirewall\PublicProfile</Key>
      <LegacyId>V-17417.a</LegacyId>
      <OrganizationValueRequired>False</OrganizationValueRequired>
      <OrganizationValueTestString />
      <RawString>Registry Hive:  HKEY_LOCAL_MACHINE
Registry Path:  \SOFTWARE\Policies\Microsoft\WindowsFirewall\PublicProfile\
Type:  REG_DWORD
Value Name:  EnableFirewall
Value:  0x00000001 (1)</RawString>
      <ValueData>1</ValueData>
      <ValueName>EnableFirewall</ValueName>
      <ValueType>Dword</ValueType>
    </Rule>
    <Rule id="V-241991.b" severity="medium" conversionstatus="pass" title="SRG-OS-000480-GPOS-00227" dscresource="Registry">
      <Description>&lt;VulnDiscussion&gt;A firewall provides a line of defense against attack.  To be effective, it must be enabled and properly configured.  This setting enables the firewall when connected to a public network.&lt;/VulnDiscussion&gt;&lt;FalsePositives&gt;&lt;/FalsePositives&gt;&lt;FalseNegatives&gt;&lt;/FalseNegatives&gt;&lt;Documentable&gt;false&lt;/Documentable&gt;&lt;Mitigations&gt;&lt;/Mitigations&gt;&lt;SeverityOverrideGuidance&gt;&lt;/SeverityOverrideGuidance&gt;&lt;PotentialImpacts&gt;&lt;/PotentialImpacts&gt;&lt;ThirdPartyTools&gt;&lt;/ThirdPartyTools&gt;&lt;MitigationControl&gt;&lt;/MitigationControl&gt;&lt;Responsibility&gt;&lt;/Responsibility&gt;&lt;IAControls&gt;&lt;/IAControls&gt;</Description>
      <DuplicateOf />
      <Ensure>Present</Ensure>
      <IsNullOrEmpty>False</IsNullOrEmpty>
      <Key>HKEY_LOCAL_MACHINE\SYSTEM\CurrentControlSet\Services\SharedAccess\Parameters\FirewallPolicy\PublicProfile</Key>
      <LegacyId>V-17417.b</LegacyId>
      <OrganizationValueRequired>False</OrganizationValueRequired>
      <OrganizationValueTestString />
      <RawString>Registry Hive:  HKEY_LOCAL_MACHINE
Registry Path:  \SYSTEM\CurrentControlSet\Services\SharedAccess\Parameters\FirewallPolicy\PublicProfile\
Type:  REG_DWORD
Value Name:  EnableFirewall
Value:  0x00000001 (1)</RawString>
      <ValueData>1</ValueData>
      <ValueName>EnableFirewall</ValueName>
      <ValueType>Dword</ValueType>
    </Rule>
    <Rule id="V-241992.a" severity="high" conversionstatus="pass" title="SRG-OS-000480-GPOS-00227" dscresource="Registry">
      <Description>&lt;VulnDiscussion&gt;A firewall provides a line of defense against attack.  To be effective, it must be enabled and properly configured.  Unsolicited inbound connections may be malicious attempts to gain access to a system.  Unsolicited inbound connections, for which there is no rule allowing the connection, will be blocked in the domain.&lt;/VulnDiscussion&gt;&lt;FalsePositives&gt;&lt;/FalsePositives&gt;&lt;FalseNegatives&gt;&lt;/FalseNegatives&gt;&lt;Documentable&gt;false&lt;/Documentable&gt;&lt;Mitigations&gt;&lt;/Mitigations&gt;&lt;SeverityOverrideGuidance&gt;&lt;/SeverityOverrideGuidance&gt;&lt;PotentialImpacts&gt;&lt;/PotentialImpacts&gt;&lt;ThirdPartyTools&gt;&lt;/ThirdPartyTools&gt;&lt;MitigationControl&gt;&lt;/MitigationControl&gt;&lt;Responsibility&gt;&lt;/Responsibility&gt;&lt;IAControls&gt;&lt;/IAControls&gt;</Description>
      <DuplicateOf />
      <Ensure>Present</Ensure>
      <IsNullOrEmpty>False</IsNullOrEmpty>
      <Key>HKEY_LOCAL_MACHINE\SOFTWARE\Policies\Microsoft\WindowsFirewall\DomainProfile</Key>
      <LegacyId>V-17418.a</LegacyId>
      <OrganizationValueRequired>False</OrganizationValueRequired>
      <OrganizationValueTestString />
      <RawString>Registry Hive:  HKEY_LOCAL_MACHINE
Registry Path:  \SOFTWARE\Policies\Microsoft\WindowsFirewall\DomainProfile\
Type:  REG_DWORD
Value Name:  DefaultInboundAction
Value:  0x00000001 (1)</RawString>
      <ValueData>1</ValueData>
      <ValueName>DefaultInboundAction</ValueName>
      <ValueType>Dword</ValueType>
    </Rule>
    <Rule id="V-241992.b" severity="high" conversionstatus="pass" title="SRG-OS-000480-GPOS-00227" dscresource="Registry">
      <Description>&lt;VulnDiscussion&gt;A firewall provides a line of defense against attack.  To be effective, it must be enabled and properly configured.  Unsolicited inbound connections may be malicious attempts to gain access to a system.  Unsolicited inbound connections, for which there is no rule allowing the connection, will be blocked in the domain.&lt;/VulnDiscussion&gt;&lt;FalsePositives&gt;&lt;/FalsePositives&gt;&lt;FalseNegatives&gt;&lt;/FalseNegatives&gt;&lt;Documentable&gt;false&lt;/Documentable&gt;&lt;Mitigations&gt;&lt;/Mitigations&gt;&lt;SeverityOverrideGuidance&gt;&lt;/SeverityOverrideGuidance&gt;&lt;PotentialImpacts&gt;&lt;/PotentialImpacts&gt;&lt;ThirdPartyTools&gt;&lt;/ThirdPartyTools&gt;&lt;MitigationControl&gt;&lt;/MitigationControl&gt;&lt;Responsibility&gt;&lt;/Responsibility&gt;&lt;IAControls&gt;&lt;/IAControls&gt;</Description>
      <DuplicateOf />
      <Ensure>Present</Ensure>
      <IsNullOrEmpty>False</IsNullOrEmpty>
      <Key>HKEY_LOCAL_MACHINE\SYSTEM\CurrentControlSet\Services\SharedAccess\Parameters\FirewallPolicy\DomainProfile</Key>
      <LegacyId>V-17418.b</LegacyId>
      <OrganizationValueRequired>False</OrganizationValueRequired>
      <OrganizationValueTestString />
      <RawString>Registry Hive:  HKEY_LOCAL_MACHINE
Registry Path:  \SYSTEM\CurrentControlSet\Services\SharedAccess\Parameters\FirewallPolicy\DomainProfile\
Type:  REG_DWORD
Value Name:  DefaultInboundAction
Value:  0x00000001 (1)</RawString>
      <ValueData>1</ValueData>
      <ValueName>DefaultInboundAction</ValueName>
      <ValueType>Dword</ValueType>
    </Rule>
    <Rule id="V-241993.a" severity="medium" conversionstatus="pass" title="SRG-OS-000480-GPOS-00227" dscresource="Registry">
      <Description>&lt;VulnDiscussion&gt;A firewall provides a line of defense against attack.  To be effective, it must be enabled and properly configured.  Outbound connections are allowed in the domain, unless a rule explicitly blocks the connection.  This allows normal outbound communication, which could be restricted as necessary with additional rules.&lt;/VulnDiscussion&gt;&lt;FalsePositives&gt;&lt;/FalsePositives&gt;&lt;FalseNegatives&gt;&lt;/FalseNegatives&gt;&lt;Documentable&gt;false&lt;/Documentable&gt;&lt;Mitigations&gt;&lt;/Mitigations&gt;&lt;SeverityOverrideGuidance&gt;&lt;/SeverityOverrideGuidance&gt;&lt;PotentialImpacts&gt;&lt;/PotentialImpacts&gt;&lt;ThirdPartyTools&gt;&lt;/ThirdPartyTools&gt;&lt;MitigationControl&gt;&lt;/MitigationControl&gt;&lt;Responsibility&gt;&lt;/Responsibility&gt;&lt;IAControls&gt;&lt;/IAControls&gt;</Description>
      <DuplicateOf />
      <Ensure>Present</Ensure>
      <IsNullOrEmpty>False</IsNullOrEmpty>
      <Key>HKEY_LOCAL_MACHINE\SOFTWARE\Policies\Microsoft\WindowsFirewall\DomainProfile</Key>
      <LegacyId>V-17419.a</LegacyId>
      <OrganizationValueRequired>False</OrganizationValueRequired>
      <OrganizationValueTestString />
      <RawString>Registry Hive:  HKEY_LOCAL_MACHINE
Registry Path:  \SOFTWARE\Policies\Microsoft\WindowsFirewall\DomainProfile\
Type:  REG_DWORD
Value Name:  DefaultOutboundAction
Value:  0x00000000 (0)</RawString>
      <ValueData>0</ValueData>
      <ValueName>DefaultOutboundAction</ValueName>
      <ValueType>Dword</ValueType>
    </Rule>
    <Rule id="V-241993.b" severity="medium" conversionstatus="pass" title="SRG-OS-000480-GPOS-00227" dscresource="Registry">
      <Description>&lt;VulnDiscussion&gt;A firewall provides a line of defense against attack.  To be effective, it must be enabled and properly configured.  Outbound connections are allowed in the domain, unless a rule explicitly blocks the connection.  This allows normal outbound communication, which could be restricted as necessary with additional rules.&lt;/VulnDiscussion&gt;&lt;FalsePositives&gt;&lt;/FalsePositives&gt;&lt;FalseNegatives&gt;&lt;/FalseNegatives&gt;&lt;Documentable&gt;false&lt;/Documentable&gt;&lt;Mitigations&gt;&lt;/Mitigations&gt;&lt;SeverityOverrideGuidance&gt;&lt;/SeverityOverrideGuidance&gt;&lt;PotentialImpacts&gt;&lt;/PotentialImpacts&gt;&lt;ThirdPartyTools&gt;&lt;/ThirdPartyTools&gt;&lt;MitigationControl&gt;&lt;/MitigationControl&gt;&lt;Responsibility&gt;&lt;/Responsibility&gt;&lt;IAControls&gt;&lt;/IAControls&gt;</Description>
      <DuplicateOf />
      <Ensure>Present</Ensure>
      <IsNullOrEmpty>False</IsNullOrEmpty>
      <Key>HKEY_LOCAL_MACHINE\SYSTEM\CurrentControlSet\Services\SharedAccess\Parameters\FirewallPolicy\DomainProfile</Key>
      <LegacyId>V-17419.b</LegacyId>
      <OrganizationValueRequired>False</OrganizationValueRequired>
      <OrganizationValueTestString />
      <RawString>Registry Hive:  HKEY_LOCAL_MACHINE
Registry Path:  \SYSTEM\CurrentControlSet\Services\SharedAccess\Parameters\FirewallPolicy\DomainProfile\
Type:  REG_DWORD
Value Name:  DefaultOutboundAction
Value:  0x00000000 (0)</RawString>
      <ValueData>0</ValueData>
      <ValueName>DefaultOutboundAction</ValueName>
      <ValueType>Dword</ValueType>
    </Rule>
    <Rule id="V-241994.a" severity="low" conversionstatus="pass" title="SRG-OS-000327-GPOS-00127" dscresource="Registry">
      <Description>&lt;VulnDiscussion&gt;A firewall provides a line of defense against attack.  To be effective, it must be enabled and properly configured.  The firewall log file size for a domain connection will be set to ensure enough capacity is allocated for audit data.&lt;/VulnDiscussion&gt;&lt;FalsePositives&gt;&lt;/FalsePositives&gt;&lt;FalseNegatives&gt;&lt;/FalseNegatives&gt;&lt;Documentable&gt;false&lt;/Documentable&gt;&lt;Mitigations&gt;&lt;/Mitigations&gt;&lt;SeverityOverrideGuidance&gt;&lt;/SeverityOverrideGuidance&gt;&lt;PotentialImpacts&gt;&lt;/PotentialImpacts&gt;&lt;ThirdPartyTools&gt;&lt;/ThirdPartyTools&gt;&lt;MitigationControl&gt;&lt;/MitigationControl&gt;&lt;Responsibility&gt;&lt;/Responsibility&gt;&lt;IAControls&gt;&lt;/IAControls&gt;</Description>
      <DuplicateOf />
      <Ensure>Present</Ensure>
      <IsNullOrEmpty>False</IsNullOrEmpty>
      <Key>HKEY_LOCAL_MACHINE\SOFTWARE\Policies\Microsoft\WindowsFirewall\DomainProfile\Logging</Key>
      <LegacyId>V-17425.a</LegacyId>
      <OrganizationValueRequired>True</OrganizationValueRequired>
      <OrganizationValueTestString>'{0}' -ge '16384'</OrganizationValueTestString>
      <RawString>Registry Hive:  HKEY_LOCAL_MACHINE
Registry Path:  \SOFTWARE\Policies\Microsoft\WindowsFirewall\DomainProfile\Logging\
Type:  REG_DWORD
Value Name:  LogFileSize
Value:  0x00004000 (16384) (or greater)</RawString>
      <ValueData />
      <ValueName>LogFileSize</ValueName>
      <ValueType>Dword</ValueType>
    </Rule>
    <Rule id="V-241994.b" severity="low" conversionstatus="pass" title="SRG-OS-000327-GPOS-00127" dscresource="Registry">
      <Description>&lt;VulnDiscussion&gt;A firewall provides a line of defense against attack.  To be effective, it must be enabled and properly configured.  The firewall log file size for a domain connection will be set to ensure enough capacity is allocated for audit data.&lt;/VulnDiscussion&gt;&lt;FalsePositives&gt;&lt;/FalsePositives&gt;&lt;FalseNegatives&gt;&lt;/FalseNegatives&gt;&lt;Documentable&gt;false&lt;/Documentable&gt;&lt;Mitigations&gt;&lt;/Mitigations&gt;&lt;SeverityOverrideGuidance&gt;&lt;/SeverityOverrideGuidance&gt;&lt;PotentialImpacts&gt;&lt;/PotentialImpacts&gt;&lt;ThirdPartyTools&gt;&lt;/ThirdPartyTools&gt;&lt;MitigationControl&gt;&lt;/MitigationControl&gt;&lt;Responsibility&gt;&lt;/Responsibility&gt;&lt;IAControls&gt;&lt;/IAControls&gt;</Description>
      <DuplicateOf />
      <Ensure>Present</Ensure>
      <IsNullOrEmpty>False</IsNullOrEmpty>
      <Key>HKEY_LOCAL_MACHINE\SYSTEM\CurrentControlSet\Services\SharedAccess\Parameters\FirewallPolicy\DomainProfile\Logging</Key>
      <LegacyId>V-17425.b</LegacyId>
      <OrganizationValueRequired>True</OrganizationValueRequired>
      <OrganizationValueTestString>'{0}' -ge '16384'</OrganizationValueTestString>
      <RawString>Registry Hive:  HKEY_LOCAL_MACHINE
Registry Path:  \SYSTEM\CurrentControlSet\Services\SharedAccess\Parameters\FirewallPolicy\DomainProfile\Logging\
Type:  REG_DWORD
Value Name:  LogFileSize
Value:  0x00004000 (16384) (or greater)</RawString>
      <ValueData />
      <ValueName>LogFileSize</ValueName>
      <ValueType>Dword</ValueType>
    </Rule>
    <Rule id="V-241995.a" severity="low" conversionstatus="pass" title="SRG-OS-000327-GPOS-00127" dscresource="Registry">
      <Description>&lt;VulnDiscussion&gt;A firewall provides a line of defense against attack.  To be effective, it must be enabled and properly configured.  Logging of dropped packets for a domain connection will be enabled to maintain an audit trail of potential issues.&lt;/VulnDiscussion&gt;&lt;FalsePositives&gt;&lt;/FalsePositives&gt;&lt;FalseNegatives&gt;&lt;/FalseNegatives&gt;&lt;Documentable&gt;false&lt;/Documentable&gt;&lt;Mitigations&gt;&lt;/Mitigations&gt;&lt;SeverityOverrideGuidance&gt;&lt;/SeverityOverrideGuidance&gt;&lt;PotentialImpacts&gt;&lt;/PotentialImpacts&gt;&lt;ThirdPartyTools&gt;&lt;/ThirdPartyTools&gt;&lt;MitigationControl&gt;&lt;/MitigationControl&gt;&lt;Responsibility&gt;&lt;/Responsibility&gt;&lt;IAControls&gt;&lt;/IAControls&gt;</Description>
      <DuplicateOf />
      <Ensure>Present</Ensure>
      <IsNullOrEmpty>False</IsNullOrEmpty>
      <Key>HKEY_LOCAL_MACHINE\SOFTWARE\Policies\Microsoft\WindowsFirewall\DomainProfile\Logging</Key>
      <LegacyId>V-17426.a</LegacyId>
      <OrganizationValueRequired>False</OrganizationValueRequired>
      <OrganizationValueTestString />
      <RawString>Registry Hive:  HKEY_LOCAL_MACHINE
Registry Path:  \SOFTWARE\Policies\Microsoft\WindowsFirewall\DomainProfile\Logging\
Type:  REG_DWORD
Value Name:  LogDroppedPackets
Value:  0x00000001 (1)</RawString>
      <ValueData>1</ValueData>
      <ValueName>LogDroppedPackets</ValueName>
      <ValueType>Dword</ValueType>
    </Rule>
    <Rule id="V-241995.b" severity="low" conversionstatus="pass" title="SRG-OS-000327-GPOS-00127" dscresource="Registry">
      <Description>&lt;VulnDiscussion&gt;A firewall provides a line of defense against attack.  To be effective, it must be enabled and properly configured.  Logging of dropped packets for a domain connection will be enabled to maintain an audit trail of potential issues.&lt;/VulnDiscussion&gt;&lt;FalsePositives&gt;&lt;/FalsePositives&gt;&lt;FalseNegatives&gt;&lt;/FalseNegatives&gt;&lt;Documentable&gt;false&lt;/Documentable&gt;&lt;Mitigations&gt;&lt;/Mitigations&gt;&lt;SeverityOverrideGuidance&gt;&lt;/SeverityOverrideGuidance&gt;&lt;PotentialImpacts&gt;&lt;/PotentialImpacts&gt;&lt;ThirdPartyTools&gt;&lt;/ThirdPartyTools&gt;&lt;MitigationControl&gt;&lt;/MitigationControl&gt;&lt;Responsibility&gt;&lt;/Responsibility&gt;&lt;IAControls&gt;&lt;/IAControls&gt;</Description>
      <DuplicateOf />
      <Ensure>Present</Ensure>
      <IsNullOrEmpty>False</IsNullOrEmpty>
      <Key>HKEY_LOCAL_MACHINE\SYSTEM\CurrentControlSet\Services\SharedAccess\Parameters\FirewallPolicy\DomainProfile\Logging</Key>
      <LegacyId>V-17426.b</LegacyId>
      <OrganizationValueRequired>False</OrganizationValueRequired>
      <OrganizationValueTestString />
      <RawString>Registry Hive:  HKEY_LOCAL_MACHINE
Registry Path:  \SYSTEM\CurrentControlSet\Services\SharedAccess\Parameters\FirewallPolicy\DomainProfile\Logging\
Type:  REG_DWORD
Value Name:  LogDroppedPackets
Value:  0x00000001 (1)</RawString>
      <ValueData>1</ValueData>
      <ValueName>LogDroppedPackets</ValueName>
      <ValueType>Dword</ValueType>
    </Rule>
    <Rule id="V-241996.a" severity="low" conversionstatus="pass" title="SRG-OS-000327-GPOS-00127" dscresource="Registry">
      <Description>&lt;VulnDiscussion&gt;A firewall provides a line of defense against attack.  To be effective, it must be enabled and properly configured.  Logging of successful connections for a domain connection will be enabled to maintain an audit trail if issues are discovered.&lt;/VulnDiscussion&gt;&lt;FalsePositives&gt;&lt;/FalsePositives&gt;&lt;FalseNegatives&gt;&lt;/FalseNegatives&gt;&lt;Documentable&gt;false&lt;/Documentable&gt;&lt;Mitigations&gt;&lt;/Mitigations&gt;&lt;SeverityOverrideGuidance&gt;&lt;/SeverityOverrideGuidance&gt;&lt;PotentialImpacts&gt;&lt;/PotentialImpacts&gt;&lt;ThirdPartyTools&gt;&lt;/ThirdPartyTools&gt;&lt;MitigationControl&gt;&lt;/MitigationControl&gt;&lt;Responsibility&gt;&lt;/Responsibility&gt;&lt;IAControls&gt;&lt;/IAControls&gt;</Description>
      <DuplicateOf />
      <Ensure>Present</Ensure>
      <IsNullOrEmpty>False</IsNullOrEmpty>
      <Key>HKEY_LOCAL_MACHINE\SOFTWARE\Policies\Microsoft\WindowsFirewall\DomainProfile\Logging</Key>
      <LegacyId>V-17427.a</LegacyId>
      <OrganizationValueRequired>False</OrganizationValueRequired>
      <OrganizationValueTestString />
      <RawString>Registry Hive:  HKEY_LOCAL_MACHINE
Registry Path:  \SOFTWARE\Policies\Microsoft\WindowsFirewall\DomainProfile\Logging\
Type:  REG_DWORD
Value Name:  LogSuccessfulConnections
Value:  0x00000001 (1)</RawString>
      <ValueData>1</ValueData>
      <ValueName>LogSuccessfulConnections</ValueName>
      <ValueType>Dword</ValueType>
    </Rule>
    <Rule id="V-241996.b" severity="low" conversionstatus="pass" title="SRG-OS-000327-GPOS-00127" dscresource="Registry">
      <Description>&lt;VulnDiscussion&gt;A firewall provides a line of defense against attack.  To be effective, it must be enabled and properly configured.  Logging of successful connections for a domain connection will be enabled to maintain an audit trail if issues are discovered.&lt;/VulnDiscussion&gt;&lt;FalsePositives&gt;&lt;/FalsePositives&gt;&lt;FalseNegatives&gt;&lt;/FalseNegatives&gt;&lt;Documentable&gt;false&lt;/Documentable&gt;&lt;Mitigations&gt;&lt;/Mitigations&gt;&lt;SeverityOverrideGuidance&gt;&lt;/SeverityOverrideGuidance&gt;&lt;PotentialImpacts&gt;&lt;/PotentialImpacts&gt;&lt;ThirdPartyTools&gt;&lt;/ThirdPartyTools&gt;&lt;MitigationControl&gt;&lt;/MitigationControl&gt;&lt;Responsibility&gt;&lt;/Responsibility&gt;&lt;IAControls&gt;&lt;/IAControls&gt;</Description>
      <DuplicateOf />
      <Ensure>Present</Ensure>
      <IsNullOrEmpty>False</IsNullOrEmpty>
      <Key>HKEY_LOCAL_MACHINE\SYSTEM\CurrentControlSet\Services\SharedAccess\Parameters\FirewallPolicy\DomainProfile\Logging</Key>
      <LegacyId>V-17427.b</LegacyId>
      <OrganizationValueRequired>False</OrganizationValueRequired>
      <OrganizationValueTestString />
      <RawString>Registry Hive:  HKEY_LOCAL_MACHINE
Registry Path:  \SYSTEM\CurrentControlSet\Services\SharedAccess\Parameters\FirewallPolicy\DomainProfile\Logging\
Type:  REG_DWORD
Value Name:  LogSuccessfulConnections
Value:  0x00000001 (1)</RawString>
      <ValueData>1</ValueData>
      <ValueName>LogSuccessfulConnections</ValueName>
      <ValueType>Dword</ValueType>
    </Rule>
    <Rule id="V-241997.a" severity="high" conversionstatus="pass" title="SRG-OS-000480-GPOS-00227" dscresource="Registry">
      <Description>&lt;VulnDiscussion&gt;A firewall provides a line of defense against attack.  To be effective, it must be enabled and properly configured.  Unsolicited inbound connections may be malicious attempts to gain access to a system.  Unsolicited inbound connections, for which there is no rule allowing the connection, will be blocked on a private network.&lt;/VulnDiscussion&gt;&lt;FalsePositives&gt;&lt;/FalsePositives&gt;&lt;FalseNegatives&gt;&lt;/FalseNegatives&gt;&lt;Documentable&gt;false&lt;/Documentable&gt;&lt;Mitigations&gt;&lt;/Mitigations&gt;&lt;SeverityOverrideGuidance&gt;&lt;/SeverityOverrideGuidance&gt;&lt;PotentialImpacts&gt;&lt;/PotentialImpacts&gt;&lt;ThirdPartyTools&gt;&lt;/ThirdPartyTools&gt;&lt;MitigationControl&gt;&lt;/MitigationControl&gt;&lt;Responsibility&gt;&lt;/Responsibility&gt;&lt;IAControls&gt;&lt;/IAControls&gt;</Description>
      <DuplicateOf />
      <Ensure>Present</Ensure>
      <IsNullOrEmpty>False</IsNullOrEmpty>
      <Key>HKEY_LOCAL_MACHINE\SOFTWARE\Policies\Microsoft\WindowsFirewall\PrivateProfile</Key>
      <LegacyId>V-17428.a</LegacyId>
      <OrganizationValueRequired>False</OrganizationValueRequired>
      <OrganizationValueTestString />
      <RawString>Registry Hive:  HKEY_LOCAL_MACHINE
Registry Path:  \SOFTWARE\Policies\Microsoft\WindowsFirewall\PrivateProfile\
Type:  REG_DWORD
Value Name:  DefaultInboundAction
Value:  0x00000001 (1)</RawString>
      <ValueData>1</ValueData>
      <ValueName>DefaultInboundAction</ValueName>
      <ValueType>Dword</ValueType>
    </Rule>
    <Rule id="V-241997.b" severity="high" conversionstatus="pass" title="SRG-OS-000480-GPOS-00227" dscresource="Registry">
      <Description>&lt;VulnDiscussion&gt;A firewall provides a line of defense against attack.  To be effective, it must be enabled and properly configured.  Unsolicited inbound connections may be malicious attempts to gain access to a system.  Unsolicited inbound connections, for which there is no rule allowing the connection, will be blocked on a private network.&lt;/VulnDiscussion&gt;&lt;FalsePositives&gt;&lt;/FalsePositives&gt;&lt;FalseNegatives&gt;&lt;/FalseNegatives&gt;&lt;Documentable&gt;false&lt;/Documentable&gt;&lt;Mitigations&gt;&lt;/Mitigations&gt;&lt;SeverityOverrideGuidance&gt;&lt;/SeverityOverrideGuidance&gt;&lt;PotentialImpacts&gt;&lt;/PotentialImpacts&gt;&lt;ThirdPartyTools&gt;&lt;/ThirdPartyTools&gt;&lt;MitigationControl&gt;&lt;/MitigationControl&gt;&lt;Responsibility&gt;&lt;/Responsibility&gt;&lt;IAControls&gt;&lt;/IAControls&gt;</Description>
      <DuplicateOf />
      <Ensure>Present</Ensure>
      <IsNullOrEmpty>False</IsNullOrEmpty>
      <Key>HKEY_LOCAL_MACHINE\SYSTEM\CurrentControlSet\Services\SharedAccess\Parameters\FirewallPolicy\StandardProfile</Key>
      <LegacyId>V-17428.b</LegacyId>
      <OrganizationValueRequired>False</OrganizationValueRequired>
      <OrganizationValueTestString />
      <RawString>Registry Hive:  HKEY_LOCAL_MACHINE
Registry Path:  \SYSTEM\CurrentControlSet\Services\SharedAccess\Parameters\FirewallPolicy\StandardProfile\
Type:  REG_DWORD
Value Name:  DefaultInboundAction
Value:  0x00000001 (1)</RawString>
      <ValueData>1</ValueData>
      <ValueName>DefaultInboundAction</ValueName>
      <ValueType>Dword</ValueType>
    </Rule>
    <Rule id="V-241998.a" severity="medium" conversionstatus="pass" title="SRG-OS-000480-GPOS-00227" dscresource="Registry">
      <Description>&lt;VulnDiscussion&gt;A firewall provides a line of defense against attack.  To be effective, it must be enabled and properly configured.  Outbound connections are allowed on a private network, unless a rule explicitly blocks the connection.  This allows normal outbound communication, which could be restricted as necessary with additional rules.&lt;/VulnDiscussion&gt;&lt;FalsePositives&gt;&lt;/FalsePositives&gt;&lt;FalseNegatives&gt;&lt;/FalseNegatives&gt;&lt;Documentable&gt;false&lt;/Documentable&gt;&lt;Mitigations&gt;&lt;/Mitigations&gt;&lt;SeverityOverrideGuidance&gt;&lt;/SeverityOverrideGuidance&gt;&lt;PotentialImpacts&gt;&lt;/PotentialImpacts&gt;&lt;ThirdPartyTools&gt;&lt;/ThirdPartyTools&gt;&lt;MitigationControl&gt;&lt;/MitigationControl&gt;&lt;Responsibility&gt;&lt;/Responsibility&gt;&lt;IAControls&gt;&lt;/IAControls&gt;</Description>
      <DuplicateOf />
      <Ensure>Present</Ensure>
      <IsNullOrEmpty>False</IsNullOrEmpty>
      <Key>HKEY_LOCAL_MACHINE\SOFTWARE\Policies\Microsoft\WindowsFirewall\PrivateProfile</Key>
      <LegacyId>V-17429.a</LegacyId>
      <OrganizationValueRequired>False</OrganizationValueRequired>
      <OrganizationValueTestString />
      <RawString>Registry Hive:  HKEY_LOCAL_MACHINE
Registry Path:  \SOFTWARE\Policies\Microsoft\WindowsFirewall\PrivateProfile\
Type:  REG_DWORD
Value Name:  DefaultOutboundAction
Value:  0x00000000 (0)</RawString>
      <ValueData>0</ValueData>
      <ValueName>DefaultOutboundAction</ValueName>
      <ValueType>Dword</ValueType>
    </Rule>
    <Rule id="V-241998.b" severity="medium" conversionstatus="pass" title="SRG-OS-000480-GPOS-00227" dscresource="Registry">
      <Description>&lt;VulnDiscussion&gt;A firewall provides a line of defense against attack.  To be effective, it must be enabled and properly configured.  Outbound connections are allowed on a private network, unless a rule explicitly blocks the connection.  This allows normal outbound communication, which could be restricted as necessary with additional rules.&lt;/VulnDiscussion&gt;&lt;FalsePositives&gt;&lt;/FalsePositives&gt;&lt;FalseNegatives&gt;&lt;/FalseNegatives&gt;&lt;Documentable&gt;false&lt;/Documentable&gt;&lt;Mitigations&gt;&lt;/Mitigations&gt;&lt;SeverityOverrideGuidance&gt;&lt;/SeverityOverrideGuidance&gt;&lt;PotentialImpacts&gt;&lt;/PotentialImpacts&gt;&lt;ThirdPartyTools&gt;&lt;/ThirdPartyTools&gt;&lt;MitigationControl&gt;&lt;/MitigationControl&gt;&lt;Responsibility&gt;&lt;/Responsibility&gt;&lt;IAControls&gt;&lt;/IAControls&gt;</Description>
      <DuplicateOf />
      <Ensure>Present</Ensure>
      <IsNullOrEmpty>False</IsNullOrEmpty>
      <Key>HKEY_LOCAL_MACHINE\SYSTEM\CurrentControlSet\Services\SharedAccess\Parameters\FirewallPolicy\StandardProfile</Key>
      <LegacyId>V-17429.b</LegacyId>
      <OrganizationValueRequired>False</OrganizationValueRequired>
      <OrganizationValueTestString />
      <RawString>Registry Hive:  HKEY_LOCAL_MACHINE
Registry Path:  \SYSTEM\CurrentControlSet\Services\SharedAccess\Parameters\FirewallPolicy\StandardProfile\
Type:  REG_DWORD
Value Name:  DefaultOutboundAction
Value:  0x00000000 (0)</RawString>
      <ValueData>0</ValueData>
      <ValueName>DefaultOutboundAction</ValueName>
      <ValueType>Dword</ValueType>
    </Rule>
    <Rule id="V-241999.a" severity="low" conversionstatus="pass" title="SRG-OS-000327-GPOS-00127" dscresource="Registry">
      <Description>&lt;VulnDiscussion&gt;A firewall provides a line of defense against attack.  To be effective, it must be enabled and properly configured.  The firewall log file size for a private connection will be set  to ensure enough capacity is allocated for audit data.&lt;/VulnDiscussion&gt;&lt;FalsePositives&gt;&lt;/FalsePositives&gt;&lt;FalseNegatives&gt;&lt;/FalseNegatives&gt;&lt;Documentable&gt;false&lt;/Documentable&gt;&lt;Mitigations&gt;&lt;/Mitigations&gt;&lt;SeverityOverrideGuidance&gt;&lt;/SeverityOverrideGuidance&gt;&lt;PotentialImpacts&gt;&lt;/PotentialImpacts&gt;&lt;ThirdPartyTools&gt;&lt;/ThirdPartyTools&gt;&lt;MitigationControl&gt;&lt;/MitigationControl&gt;&lt;Responsibility&gt;&lt;/Responsibility&gt;&lt;IAControls&gt;&lt;/IAControls&gt;</Description>
      <DuplicateOf />
      <Ensure>Present</Ensure>
      <IsNullOrEmpty>False</IsNullOrEmpty>
      <Key>HKEY_LOCAL_MACHINE\SOFTWARE\Policies\Microsoft\WindowsFirewall\PrivateProfile\Logging</Key>
      <LegacyId>V-17435.a</LegacyId>
      <OrganizationValueRequired>True</OrganizationValueRequired>
      <OrganizationValueTestString>'{0}' -ge '16384'</OrganizationValueTestString>
      <RawString>Registry Hive:  HKEY_LOCAL_MACHINE
Registry Path:  \SOFTWARE\Policies\Microsoft\WindowsFirewall\PrivateProfile\Logging\
Type:  REG_DWORD
Value Name:  LogFileSize
Value:  0x00004000 (16384) (or greater)</RawString>
      <ValueData />
      <ValueName>LogFileSize</ValueName>
      <ValueType>Dword</ValueType>
    </Rule>
    <Rule id="V-241999.b" severity="low" conversionstatus="pass" title="SRG-OS-000327-GPOS-00127" dscresource="Registry">
      <Description>&lt;VulnDiscussion&gt;A firewall provides a line of defense against attack.  To be effective, it must be enabled and properly configured.  The firewall log file size for a private connection will be set  to ensure enough capacity is allocated for audit data.&lt;/VulnDiscussion&gt;&lt;FalsePositives&gt;&lt;/FalsePositives&gt;&lt;FalseNegatives&gt;&lt;/FalseNegatives&gt;&lt;Documentable&gt;false&lt;/Documentable&gt;&lt;Mitigations&gt;&lt;/Mitigations&gt;&lt;SeverityOverrideGuidance&gt;&lt;/SeverityOverrideGuidance&gt;&lt;PotentialImpacts&gt;&lt;/PotentialImpacts&gt;&lt;ThirdPartyTools&gt;&lt;/ThirdPartyTools&gt;&lt;MitigationControl&gt;&lt;/MitigationControl&gt;&lt;Responsibility&gt;&lt;/Responsibility&gt;&lt;IAControls&gt;&lt;/IAControls&gt;</Description>
      <DuplicateOf />
      <Ensure>Present</Ensure>
      <IsNullOrEmpty>False</IsNullOrEmpty>
      <Key>HKEY_LOCAL_MACHINE\SYSTEM\CurrentControlSet\Services\SharedAccess\Parameters\FirewallPolicy\StandardProfile\Logging</Key>
      <LegacyId>V-17435.b</LegacyId>
      <OrganizationValueRequired>True</OrganizationValueRequired>
      <OrganizationValueTestString>'{0}' -ge '16384'</OrganizationValueTestString>
      <RawString>Registry Hive:  HKEY_LOCAL_MACHINE
Registry Path:  \SYSTEM\CurrentControlSet\Services\SharedAccess\Parameters\FirewallPolicy\StandardProfile\Logging\
Type:  REG_DWORD
Value Name:  LogFileSize
Value:  0x00004000 (16384) (or greater)</RawString>
      <ValueData />
      <ValueName>LogFileSize</ValueName>
      <ValueType>Dword</ValueType>
    </Rule>
    <Rule id="V-242000.a" severity="low" conversionstatus="pass" title="SRG-OS-000327-GPOS-00127" dscresource="Registry">
      <Description>&lt;VulnDiscussion&gt;A firewall provides a line of defense against attack.  To be effective, it must be enabled and properly configured.   Logging of dropped packets for a private network connection will be enabled  to maintain an audit trail of potential issues.&lt;/VulnDiscussion&gt;&lt;FalsePositives&gt;&lt;/FalsePositives&gt;&lt;FalseNegatives&gt;&lt;/FalseNegatives&gt;&lt;Documentable&gt;false&lt;/Documentable&gt;&lt;Mitigations&gt;&lt;/Mitigations&gt;&lt;SeverityOverrideGuidance&gt;&lt;/SeverityOverrideGuidance&gt;&lt;PotentialImpacts&gt;&lt;/PotentialImpacts&gt;&lt;ThirdPartyTools&gt;&lt;/ThirdPartyTools&gt;&lt;MitigationControl&gt;&lt;/MitigationControl&gt;&lt;Responsibility&gt;&lt;/Responsibility&gt;&lt;IAControls&gt;&lt;/IAControls&gt;</Description>
      <DuplicateOf />
      <Ensure>Present</Ensure>
      <IsNullOrEmpty>False</IsNullOrEmpty>
      <Key>HKEY_LOCAL_MACHINE\SOFTWARE\Policies\Microsoft\WindowsFirewall\PrivateProfile\Logging</Key>
      <LegacyId>V-17436.a</LegacyId>
      <OrganizationValueRequired>False</OrganizationValueRequired>
      <OrganizationValueTestString />
      <RawString>Registry Hive:  HKEY_LOCAL_MACHINE
Registry Path:  \SOFTWARE\Policies\Microsoft\WindowsFirewall\PrivateProfile\Logging\
Type:  REG_DWORD
Value Name:  LogDroppedPackets
Value:  0x00000001 (1)</RawString>
      <ValueData>1</ValueData>
      <ValueName>LogDroppedPackets</ValueName>
      <ValueType>Dword</ValueType>
    </Rule>
    <Rule id="V-242000.b" severity="low" conversionstatus="pass" title="SRG-OS-000327-GPOS-00127" dscresource="Registry">
      <Description>&lt;VulnDiscussion&gt;A firewall provides a line of defense against attack.  To be effective, it must be enabled and properly configured.   Logging of dropped packets for a private network connection will be enabled  to maintain an audit trail of potential issues.&lt;/VulnDiscussion&gt;&lt;FalsePositives&gt;&lt;/FalsePositives&gt;&lt;FalseNegatives&gt;&lt;/FalseNegatives&gt;&lt;Documentable&gt;false&lt;/Documentable&gt;&lt;Mitigations&gt;&lt;/Mitigations&gt;&lt;SeverityOverrideGuidance&gt;&lt;/SeverityOverrideGuidance&gt;&lt;PotentialImpacts&gt;&lt;/PotentialImpacts&gt;&lt;ThirdPartyTools&gt;&lt;/ThirdPartyTools&gt;&lt;MitigationControl&gt;&lt;/MitigationControl&gt;&lt;Responsibility&gt;&lt;/Responsibility&gt;&lt;IAControls&gt;&lt;/IAControls&gt;</Description>
      <DuplicateOf />
      <Ensure>Present</Ensure>
      <IsNullOrEmpty>False</IsNullOrEmpty>
      <Key>HKEY_LOCAL_MACHINE\SYSTEM\CurrentControlSet\Services\SharedAccess\Parameters\FirewallPolicy\StandardProfile\Logging</Key>
      <LegacyId>V-17436.b</LegacyId>
      <OrganizationValueRequired>False</OrganizationValueRequired>
      <OrganizationValueTestString />
      <RawString>Registry Hive:  HKEY_LOCAL_MACHINE
Registry Path:  \SYSTEM\CurrentControlSet\Services\SharedAccess\Parameters\FirewallPolicy\StandardProfile\Logging\
Type:  REG_DWORD
Value Name:  LogDroppedPackets
Value:  0x00000001 (1)</RawString>
      <ValueData>1</ValueData>
      <ValueName>LogDroppedPackets</ValueName>
      <ValueType>Dword</ValueType>
    </Rule>
    <Rule id="V-242001.a" severity="low" conversionstatus="pass" title="SRG-OS-000327-GPOS-00127" dscresource="Registry">
      <Description>&lt;VulnDiscussion&gt;A firewall provides a line of defense against attack.  To be effective, it must be enabled and properly configured.  Logging of successful connections for a private network connection will be enabled  to maintain an audit trail if issues are discovered.&lt;/VulnDiscussion&gt;&lt;FalsePositives&gt;&lt;/FalsePositives&gt;&lt;FalseNegatives&gt;&lt;/FalseNegatives&gt;&lt;Documentable&gt;false&lt;/Documentable&gt;&lt;Mitigations&gt;&lt;/Mitigations&gt;&lt;SeverityOverrideGuidance&gt;&lt;/SeverityOverrideGuidance&gt;&lt;PotentialImpacts&gt;&lt;/PotentialImpacts&gt;&lt;ThirdPartyTools&gt;&lt;/ThirdPartyTools&gt;&lt;MitigationControl&gt;&lt;/MitigationControl&gt;&lt;Responsibility&gt;&lt;/Responsibility&gt;&lt;IAControls&gt;&lt;/IAControls&gt;</Description>
      <DuplicateOf />
      <Ensure>Present</Ensure>
      <IsNullOrEmpty>False</IsNullOrEmpty>
      <Key>HKEY_LOCAL_MACHINE\SOFTWARE\Policies\Microsoft\WindowsFirewall\PrivateProfile\Logging</Key>
      <LegacyId>V-17437.a</LegacyId>
      <OrganizationValueRequired>False</OrganizationValueRequired>
      <OrganizationValueTestString />
      <RawString>Registry Hive:  HKEY_LOCAL_MACHINE
Registry Path:  \SOFTWARE\Policies\Microsoft\WindowsFirewall\PrivateProfile\Logging\
Type:  REG_DWORD
Value Name:  LogSuccessfulConnections
Value:  0x00000001 (1)</RawString>
      <ValueData>1</ValueData>
      <ValueName>LogSuccessfulConnections</ValueName>
      <ValueType>Dword</ValueType>
    </Rule>
    <Rule id="V-242001.b" severity="low" conversionstatus="pass" title="SRG-OS-000327-GPOS-00127" dscresource="Registry">
      <Description>&lt;VulnDiscussion&gt;A firewall provides a line of defense against attack.  To be effective, it must be enabled and properly configured.  Logging of successful connections for a private network connection will be enabled  to maintain an audit trail if issues are discovered.&lt;/VulnDiscussion&gt;&lt;FalsePositives&gt;&lt;/FalsePositives&gt;&lt;FalseNegatives&gt;&lt;/FalseNegatives&gt;&lt;Documentable&gt;false&lt;/Documentable&gt;&lt;Mitigations&gt;&lt;/Mitigations&gt;&lt;SeverityOverrideGuidance&gt;&lt;/SeverityOverrideGuidance&gt;&lt;PotentialImpacts&gt;&lt;/PotentialImpacts&gt;&lt;ThirdPartyTools&gt;&lt;/ThirdPartyTools&gt;&lt;MitigationControl&gt;&lt;/MitigationControl&gt;&lt;Responsibility&gt;&lt;/Responsibility&gt;&lt;IAControls&gt;&lt;/IAControls&gt;</Description>
      <DuplicateOf />
      <Ensure>Present</Ensure>
      <IsNullOrEmpty>False</IsNullOrEmpty>
      <Key>HKEY_LOCAL_MACHINE\SYSTEM\CurrentControlSet\Services\SharedAccess\Parameters\FirewallPolicy\StandardProfile\Logging</Key>
      <LegacyId>V-17437.b</LegacyId>
      <OrganizationValueRequired>False</OrganizationValueRequired>
      <OrganizationValueTestString />
      <RawString>Registry Hive:  HKEY_LOCAL_MACHINE
Registry Path:  \SYSTEM\CurrentControlSet\Services\SharedAccess\Parameters\FirewallPolicy\StandardProfile\Logging\
Type:  REG_DWORD
Value Name:  LogSuccessfulConnections
Value:  0x00000001 (1)</RawString>
      <ValueData>1</ValueData>
      <ValueName>LogSuccessfulConnections</ValueName>
      <ValueType>Dword</ValueType>
    </Rule>
    <Rule id="V-242002.a" severity="high" conversionstatus="pass" title="SRG-OS-000480-GPOS-00227" dscresource="Registry">
      <Description>&lt;VulnDiscussion&gt;A firewall provides a line of defense against attack.  To be effective, it must be enabled and properly configured.  Unsolicited inbound connections may be malicious attempts to gain access to a system.  Unsolicited inbound connections, for which there is no rule allowing the connection, will be blocked on a public network.&lt;/VulnDiscussion&gt;&lt;FalsePositives&gt;&lt;/FalsePositives&gt;&lt;FalseNegatives&gt;&lt;/FalseNegatives&gt;&lt;Documentable&gt;false&lt;/Documentable&gt;&lt;Mitigations&gt;&lt;/Mitigations&gt;&lt;SeverityOverrideGuidance&gt;&lt;/SeverityOverrideGuidance&gt;&lt;PotentialImpacts&gt;&lt;/PotentialImpacts&gt;&lt;ThirdPartyTools&gt;&lt;/ThirdPartyTools&gt;&lt;MitigationControl&gt;&lt;/MitigationControl&gt;&lt;Responsibility&gt;&lt;/Responsibility&gt;&lt;IAControls&gt;&lt;/IAControls&gt;</Description>
      <DuplicateOf />
      <Ensure>Present</Ensure>
      <IsNullOrEmpty>False</IsNullOrEmpty>
      <Key>HKEY_LOCAL_MACHINE\SOFTWARE\Policies\Microsoft\WindowsFirewall\PublicProfile</Key>
      <LegacyId>V-17438.a</LegacyId>
      <OrganizationValueRequired>False</OrganizationValueRequired>
      <OrganizationValueTestString />
      <RawString>Registry Hive:  HKEY_LOCAL_MACHINE
Registry Path:  \SOFTWARE\Policies\Microsoft\WindowsFirewall\PublicProfile\
Type:  REG_DWORD
Value Name:  DefaultInboundAction
Value:  0x00000001 (1)</RawString>
      <ValueData>1</ValueData>
      <ValueName>DefaultInboundAction</ValueName>
      <ValueType>Dword</ValueType>
    </Rule>
    <Rule id="V-242002.b" severity="high" conversionstatus="pass" title="SRG-OS-000480-GPOS-00227" dscresource="Registry">
      <Description>&lt;VulnDiscussion&gt;A firewall provides a line of defense against attack.  To be effective, it must be enabled and properly configured.  Unsolicited inbound connections may be malicious attempts to gain access to a system.  Unsolicited inbound connections, for which there is no rule allowing the connection, will be blocked on a public network.&lt;/VulnDiscussion&gt;&lt;FalsePositives&gt;&lt;/FalsePositives&gt;&lt;FalseNegatives&gt;&lt;/FalseNegatives&gt;&lt;Documentable&gt;false&lt;/Documentable&gt;&lt;Mitigations&gt;&lt;/Mitigations&gt;&lt;SeverityOverrideGuidance&gt;&lt;/SeverityOverrideGuidance&gt;&lt;PotentialImpacts&gt;&lt;/PotentialImpacts&gt;&lt;ThirdPartyTools&gt;&lt;/ThirdPartyTools&gt;&lt;MitigationControl&gt;&lt;/MitigationControl&gt;&lt;Responsibility&gt;&lt;/Responsibility&gt;&lt;IAControls&gt;&lt;/IAControls&gt;</Description>
      <DuplicateOf />
      <Ensure>Present</Ensure>
      <IsNullOrEmpty>False</IsNullOrEmpty>
      <Key>HKEY_LOCAL_MACHINE\SYSTEM\CurrentControlSet\Services\SharedAccess\Parameters\FirewallPolicy\PublicProfile</Key>
      <LegacyId>V-17438.b</LegacyId>
      <OrganizationValueRequired>False</OrganizationValueRequired>
      <OrganizationValueTestString />
      <RawString>Registry Hive:  HKEY_LOCAL_MACHINE
Registry Path:  \SYSTEM\CurrentControlSet\Services\SharedAccess\Parameters\FirewallPolicy\PublicProfile\
Type:  REG_DWORD
Value Name:  DefaultInboundAction
Value:  0x00000001 (1)</RawString>
      <ValueData>1</ValueData>
      <ValueName>DefaultInboundAction</ValueName>
      <ValueType>Dword</ValueType>
    </Rule>
    <Rule id="V-242003.a" severity="medium" conversionstatus="pass" title="SRG-OS-000480-GPOS-00227" dscresource="Registry">
      <Description>&lt;VulnDiscussion&gt;A firewall provides a line of defense against attack.  To be effective, it must be enabled and properly configured.  Outbound connections are allowed on a public network, unless a rule explicitly blocks the connection.  This allows normal outbound communication, which could be restricted as necessary with additional rules.&lt;/VulnDiscussion&gt;&lt;FalsePositives&gt;&lt;/FalsePositives&gt;&lt;FalseNegatives&gt;&lt;/FalseNegatives&gt;&lt;Documentable&gt;false&lt;/Documentable&gt;&lt;Mitigations&gt;&lt;/Mitigations&gt;&lt;SeverityOverrideGuidance&gt;&lt;/SeverityOverrideGuidance&gt;&lt;PotentialImpacts&gt;&lt;/PotentialImpacts&gt;&lt;ThirdPartyTools&gt;&lt;/ThirdPartyTools&gt;&lt;MitigationControl&gt;&lt;/MitigationControl&gt;&lt;Responsibility&gt;&lt;/Responsibility&gt;&lt;IAControls&gt;&lt;/IAControls&gt;</Description>
      <DuplicateOf />
      <Ensure>Present</Ensure>
      <IsNullOrEmpty>False</IsNullOrEmpty>
      <Key>HKEY_LOCAL_MACHINE\SOFTWARE\Policies\Microsoft\WindowsFirewall\PublicProfile</Key>
      <LegacyId>V-17439.a</LegacyId>
      <OrganizationValueRequired>False</OrganizationValueRequired>
      <OrganizationValueTestString />
      <RawString>Registry Hive:  HKEY_LOCAL_MACHINE
Registry Path:  \SOFTWARE\Policies\Microsoft\WindowsFirewall\PublicProfile\
Type:  REG_DWORD
Value Name:  DefaultOutboundAction
Value:  0x00000000 (0)</RawString>
      <ValueData>0</ValueData>
      <ValueName>DefaultOutboundAction</ValueName>
      <ValueType>Dword</ValueType>
    </Rule>
    <Rule id="V-242003.b" severity="medium" conversionstatus="pass" title="SRG-OS-000480-GPOS-00227" dscresource="Registry">
      <Description>&lt;VulnDiscussion&gt;A firewall provides a line of defense against attack.  To be effective, it must be enabled and properly configured.  Outbound connections are allowed on a public network, unless a rule explicitly blocks the connection.  This allows normal outbound communication, which could be restricted as necessary with additional rules.&lt;/VulnDiscussion&gt;&lt;FalsePositives&gt;&lt;/FalsePositives&gt;&lt;FalseNegatives&gt;&lt;/FalseNegatives&gt;&lt;Documentable&gt;false&lt;/Documentable&gt;&lt;Mitigations&gt;&lt;/Mitigations&gt;&lt;SeverityOverrideGuidance&gt;&lt;/SeverityOverrideGuidance&gt;&lt;PotentialImpacts&gt;&lt;/PotentialImpacts&gt;&lt;ThirdPartyTools&gt;&lt;/ThirdPartyTools&gt;&lt;MitigationControl&gt;&lt;/MitigationControl&gt;&lt;Responsibility&gt;&lt;/Responsibility&gt;&lt;IAControls&gt;&lt;/IAControls&gt;</Description>
      <DuplicateOf />
      <Ensure>Present</Ensure>
      <IsNullOrEmpty>False</IsNullOrEmpty>
      <Key>HKEY_LOCAL_MACHINE\SYSTEM\CurrentControlSet\Services\SharedAccess\Parameters\FirewallPolicy\PublicProfile</Key>
      <LegacyId>V-17439.b</LegacyId>
      <OrganizationValueRequired>False</OrganizationValueRequired>
      <OrganizationValueTestString />
      <RawString>Registry Hive:  HKEY_LOCAL_MACHINE
Registry Path:  \SYSTEM\CurrentControlSet\Services\SharedAccess\Parameters\FirewallPolicy\PublicProfile\
Type:  REG_DWORD
Value Name:  DefaultOutboundAction
Value:  0x00000000 (0)</RawString>
      <ValueData>0</ValueData>
      <ValueName>DefaultOutboundAction</ValueName>
      <ValueType>Dword</ValueType>
    </Rule>
    <Rule id="V-242004" severity="medium" conversionstatus="pass" title="SRG-OS-000327-GPOS-00127" dscresource="Registry">
      <Description>&lt;VulnDiscussion&gt;A firewall provides a line of defense against attack.  To be effective, it must be enabled and properly configured.  Local firewall rules will not be merged with Group Policy settings on a public network to prevent Group Policy settings from being changed.&lt;/VulnDiscussion&gt;&lt;FalsePositives&gt;&lt;/FalsePositives&gt;&lt;FalseNegatives&gt;&lt;/FalseNegatives&gt;&lt;Documentable&gt;false&lt;/Documentable&gt;&lt;Mitigations&gt;&lt;/Mitigations&gt;&lt;SeverityOverrideGuidance&gt;&lt;/SeverityOverrideGuidance&gt;&lt;PotentialImpacts&gt;&lt;/PotentialImpacts&gt;&lt;ThirdPartyTools&gt;&lt;/ThirdPartyTools&gt;&lt;MitigationControl&gt;&lt;/MitigationControl&gt;&lt;Responsibility&gt;&lt;/Responsibility&gt;&lt;IAControls&gt;&lt;/IAControls&gt;</Description>
      <DuplicateOf />
      <Ensure>Present</Ensure>
      <IsNullOrEmpty>False</IsNullOrEmpty>
      <Key>HKEY_LOCAL_MACHINE\SOFTWARE\Policies\Microsoft\WindowsFirewall\PublicProfile</Key>
      <LegacyId>V-17442</LegacyId>
      <OrganizationValueRequired>False</OrganizationValueRequired>
      <OrganizationValueTestString />
      <RawString>If the system is not a member of a domain, this is NA.

If the firewall's Public Profile is not enabled (see V-17417), this requirement is also a finding.

Verify the registry value below.

If this registry value does not exist or is not configured as specified, this is a finding.

Registry Hive:  HKEY_LOCAL_MACHINE
Registry Path:  \SOFTWARE\Policies\Microsoft\WindowsFirewall\PublicProfile\

Value Name:  AllowLocalPolicyMerge

Type:  REG_DWORD
Value:  0x00000000 (0)</RawString>
      <ValueData>0</ValueData>
      <ValueName>AllowLocalPolicyMerge</ValueName>
      <ValueType>Dword</ValueType>
    </Rule>
    <Rule id="V-242005" severity="medium" conversionstatus="pass" title="SRG-OS-000327-GPOS-00127" dscresource="Registry">
      <Description>&lt;VulnDiscussion&gt;A firewall provides a line of defense against attack.  To be effective, it must be enabled and properly configured.  Local connection rules will not be merged with Group Policy settings on a public network to prevent Group Policy settings from being changed.&lt;/VulnDiscussion&gt;&lt;FalsePositives&gt;&lt;/FalsePositives&gt;&lt;FalseNegatives&gt;&lt;/FalseNegatives&gt;&lt;Documentable&gt;false&lt;/Documentable&gt;&lt;Mitigations&gt;&lt;/Mitigations&gt;&lt;SeverityOverrideGuidance&gt;&lt;/SeverityOverrideGuidance&gt;&lt;PotentialImpacts&gt;&lt;/PotentialImpacts&gt;&lt;ThirdPartyTools&gt;&lt;/ThirdPartyTools&gt;&lt;MitigationControl&gt;&lt;/MitigationControl&gt;&lt;Responsibility&gt;&lt;/Responsibility&gt;&lt;IAControls&gt;&lt;/IAControls&gt;</Description>
      <DuplicateOf />
      <Ensure>Present</Ensure>
      <IsNullOrEmpty>False</IsNullOrEmpty>
      <Key>HKEY_LOCAL_MACHINE\SOFTWARE\Policies\Microsoft\WindowsFirewall\PublicProfile</Key>
      <LegacyId>V-17443</LegacyId>
      <OrganizationValueRequired>False</OrganizationValueRequired>
      <OrganizationValueTestString />
      <RawString>If the system is not a member of a domain, this is NA.

If the firewall's Public Profile is not enabled (see V-17417), this requirement is also a finding.

Verify the registry value below.

If this registry value does not exist or is not configured as specified, this is a finding.

Registry Hive:  HKEY_LOCAL_MACHINE
Registry Path:  \SOFTWARE\Policies\Microsoft\WindowsFirewall\PublicProfile\

Value Name:  AllowLocalIPsecPolicyMerge

Type:  REG_DWORD
Value:  0x00000000 (0)</RawString>
      <ValueData>0</ValueData>
      <ValueName>AllowLocalIPsecPolicyMerge</ValueName>
      <ValueType>Dword</ValueType>
    </Rule>
    <Rule id="V-242006.a" severity="low" conversionstatus="pass" title="SRG-OS-000327-GPOS-00127" dscresource="Registry">
      <Description>&lt;VulnDiscussion&gt;A firewall provides a line of defense against attack.  To be effective, it must be enabled and properly configured.  The firewall log file size for a public network connection will be set  to ensure enough capacity is allocated for audit data.&lt;/VulnDiscussion&gt;&lt;FalsePositives&gt;&lt;/FalsePositives&gt;&lt;FalseNegatives&gt;&lt;/FalseNegatives&gt;&lt;Documentable&gt;false&lt;/Documentable&gt;&lt;Mitigations&gt;&lt;/Mitigations&gt;&lt;SeverityOverrideGuidance&gt;&lt;/SeverityOverrideGuidance&gt;&lt;PotentialImpacts&gt;&lt;/PotentialImpacts&gt;&lt;ThirdPartyTools&gt;&lt;/ThirdPartyTools&gt;&lt;MitigationControl&gt;&lt;/MitigationControl&gt;&lt;Responsibility&gt;&lt;/Responsibility&gt;&lt;IAControls&gt;&lt;/IAControls&gt;</Description>
      <DuplicateOf />
      <Ensure>Present</Ensure>
      <IsNullOrEmpty>False</IsNullOrEmpty>
      <Key>HKEY_LOCAL_MACHINE\SOFTWARE\Policies\Microsoft\WindowsFirewall\PublicProfile\Logging</Key>
      <LegacyId>V-17445.a</LegacyId>
      <OrganizationValueRequired>True</OrganizationValueRequired>
      <OrganizationValueTestString>'{0}' -ge '16384'</OrganizationValueTestString>
      <RawString>Registry Hive:  HKEY_LOCAL_MACHINE
Registry Path:  \SOFTWARE\Policies\Microsoft\WindowsFirewall\PublicProfile\Logging\
Type:  REG_DWORD
Value Name:  LogFileSize
Value:  0x00004000 (16384) (or greater)</RawString>
      <ValueData />
      <ValueName>LogFileSize</ValueName>
      <ValueType>Dword</ValueType>
    </Rule>
    <Rule id="V-242006.b" severity="low" conversionstatus="pass" title="SRG-OS-000327-GPOS-00127" dscresource="Registry">
      <Description>&lt;VulnDiscussion&gt;A firewall provides a line of defense against attack.  To be effective, it must be enabled and properly configured.  The firewall log file size for a public network connection will be set  to ensure enough capacity is allocated for audit data.&lt;/VulnDiscussion&gt;&lt;FalsePositives&gt;&lt;/FalsePositives&gt;&lt;FalseNegatives&gt;&lt;/FalseNegatives&gt;&lt;Documentable&gt;false&lt;/Documentable&gt;&lt;Mitigations&gt;&lt;/Mitigations&gt;&lt;SeverityOverrideGuidance&gt;&lt;/SeverityOverrideGuidance&gt;&lt;PotentialImpacts&gt;&lt;/PotentialImpacts&gt;&lt;ThirdPartyTools&gt;&lt;/ThirdPartyTools&gt;&lt;MitigationControl&gt;&lt;/MitigationControl&gt;&lt;Responsibility&gt;&lt;/Responsibility&gt;&lt;IAControls&gt;&lt;/IAControls&gt;</Description>
      <DuplicateOf />
      <Ensure>Present</Ensure>
      <IsNullOrEmpty>False</IsNullOrEmpty>
      <Key>HKEY_LOCAL_MACHINE\SYSTEM\CurrentControlSet\Services\SharedAccess\Parameters\FirewallPolicy\PublicProfile\Logging</Key>
      <LegacyId>V-17445.b</LegacyId>
      <OrganizationValueRequired>True</OrganizationValueRequired>
      <OrganizationValueTestString>'{0}' -ge '16384'</OrganizationValueTestString>
      <RawString>Registry Hive:  HKEY_LOCAL_MACHINE
Registry Path:  \SYSTEM\CurrentControlSet\Services\SharedAccess\Parameters\FirewallPolicy\PublicProfile\Logging\
Type:  REG_DWORD
Value Name:  LogFileSize
Value:  0x00004000 (16384) (or greater)</RawString>
      <ValueData />
      <ValueName>LogFileSize</ValueName>
      <ValueType>Dword</ValueType>
    </Rule>
    <Rule id="V-242007.a" severity="low" conversionstatus="pass" title="SRG-OS-000327-GPOS-00127" dscresource="Registry">
      <Description>&lt;VulnDiscussion&gt;A firewall provides a line of defense against attack.  To be effective, it must be enabled and properly configured.  Logging of dropped packets for a public network connection will be enabled  to maintain an audit trail of potential issues.&lt;/VulnDiscussion&gt;&lt;FalsePositives&gt;&lt;/FalsePositives&gt;&lt;FalseNegatives&gt;&lt;/FalseNegatives&gt;&lt;Documentable&gt;false&lt;/Documentable&gt;&lt;Mitigations&gt;&lt;/Mitigations&gt;&lt;SeverityOverrideGuidance&gt;&lt;/SeverityOverrideGuidance&gt;&lt;PotentialImpacts&gt;&lt;/PotentialImpacts&gt;&lt;ThirdPartyTools&gt;&lt;/ThirdPartyTools&gt;&lt;MitigationControl&gt;&lt;/MitigationControl&gt;&lt;Responsibility&gt;&lt;/Responsibility&gt;&lt;IAControls&gt;&lt;/IAControls&gt;</Description>
      <DuplicateOf />
      <Ensure>Present</Ensure>
      <IsNullOrEmpty>False</IsNullOrEmpty>
      <Key>HKEY_LOCAL_MACHINE\SOFTWARE\Policies\Microsoft\WindowsFirewall\PublicProfile\Logging</Key>
      <LegacyId>V-17446.a</LegacyId>
      <OrganizationValueRequired>False</OrganizationValueRequired>
      <OrganizationValueTestString />
      <RawString>Registry Hive:  HKEY_LOCAL_MACHINE
Registry Path:  \SOFTWARE\Policies\Microsoft\WindowsFirewall\PublicProfile\Logging\
Type:  REG_DWORD
Value Name:  LogDroppedPackets
Value:  0x00000001 (1)</RawString>
      <ValueData>1</ValueData>
      <ValueName>LogDroppedPackets</ValueName>
      <ValueType>Dword</ValueType>
    </Rule>
    <Rule id="V-242007.b" severity="low" conversionstatus="pass" title="SRG-OS-000327-GPOS-00127" dscresource="Registry">
      <Description>&lt;VulnDiscussion&gt;A firewall provides a line of defense against attack.  To be effective, it must be enabled and properly configured.  Logging of dropped packets for a public network connection will be enabled  to maintain an audit trail of potential issues.&lt;/VulnDiscussion&gt;&lt;FalsePositives&gt;&lt;/FalsePositives&gt;&lt;FalseNegatives&gt;&lt;/FalseNegatives&gt;&lt;Documentable&gt;false&lt;/Documentable&gt;&lt;Mitigations&gt;&lt;/Mitigations&gt;&lt;SeverityOverrideGuidance&gt;&lt;/SeverityOverrideGuidance&gt;&lt;PotentialImpacts&gt;&lt;/PotentialImpacts&gt;&lt;ThirdPartyTools&gt;&lt;/ThirdPartyTools&gt;&lt;MitigationControl&gt;&lt;/MitigationControl&gt;&lt;Responsibility&gt;&lt;/Responsibility&gt;&lt;IAControls&gt;&lt;/IAControls&gt;</Description>
      <DuplicateOf />
      <Ensure>Present</Ensure>
      <IsNullOrEmpty>False</IsNullOrEmpty>
      <Key>HKEY_LOCAL_MACHINE\SYSTEM\CurrentControlSet\Services\SharedAccess\Parameters\FirewallPolicy\PublicProfile\Logging</Key>
      <LegacyId>V-17446.b</LegacyId>
      <OrganizationValueRequired>False</OrganizationValueRequired>
      <OrganizationValueTestString />
      <RawString>Registry Hive:  HKEY_LOCAL_MACHINE
Registry Path:  \SYSTEM\CurrentControlSet\Services\SharedAccess\Parameters\FirewallPolicy\PublicProfile\Logging\
Type:  REG_DWORD
Value Name:  LogDroppedPackets
Value:  0x00000001 (1)</RawString>
      <ValueData>1</ValueData>
      <ValueName>LogDroppedPackets</ValueName>
      <ValueType>Dword</ValueType>
    </Rule>
    <Rule id="V-242008.a" severity="low" conversionstatus="pass" title="SRG-OS-000327-GPOS-00127" dscresource="Registry">
      <Description>&lt;VulnDiscussion&gt;A firewall provides a line of defense against attack.  To be effective, it must be enabled and properly configured.  Logging of successful connections for a public network connection will be enabled to maintain an audit trail if issues are discovered.&lt;/VulnDiscussion&gt;&lt;FalsePositives&gt;&lt;/FalsePositives&gt;&lt;FalseNegatives&gt;&lt;/FalseNegatives&gt;&lt;Documentable&gt;false&lt;/Documentable&gt;&lt;Mitigations&gt;&lt;/Mitigations&gt;&lt;SeverityOverrideGuidance&gt;&lt;/SeverityOverrideGuidance&gt;&lt;PotentialImpacts&gt;&lt;/PotentialImpacts&gt;&lt;ThirdPartyTools&gt;&lt;/ThirdPartyTools&gt;&lt;MitigationControl&gt;&lt;/MitigationControl&gt;&lt;Responsibility&gt;&lt;/Responsibility&gt;&lt;IAControls&gt;&lt;/IAControls&gt;</Description>
      <DuplicateOf />
      <Ensure>Present</Ensure>
      <IsNullOrEmpty>False</IsNullOrEmpty>
      <Key>HKEY_LOCAL_MACHINE\SOFTWARE\Policies\Microsoft\WindowsFirewall\PublicProfile\Logging</Key>
      <LegacyId>V-17447.a</LegacyId>
      <OrganizationValueRequired>False</OrganizationValueRequired>
      <OrganizationValueTestString />
      <RawString>Registry Hive:  HKEY_LOCAL_MACHINE
Registry Path:  \SOFTWARE\Policies\Microsoft\WindowsFirewall\PublicProfile\Logging\
Type:  REG_DWORD
Value Name:  LogSuccessfulConnections
Value:  0x00000001 (1)</RawString>
      <ValueData>1</ValueData>
      <ValueName>LogSuccessfulConnections</ValueName>
      <ValueType>Dword</ValueType>
    </Rule>
    <Rule id="V-242008.b" severity="low" conversionstatus="pass" title="SRG-OS-000327-GPOS-00127" dscresource="Registry">
      <Description>&lt;VulnDiscussion&gt;A firewall provides a line of defense against attack.  To be effective, it must be enabled and properly configured.  Logging of successful connections for a public network connection will be enabled to maintain an audit trail if issues are discovered.&lt;/VulnDiscussion&gt;&lt;FalsePositives&gt;&lt;/FalsePositives&gt;&lt;FalseNegatives&gt;&lt;/FalseNegatives&gt;&lt;Documentable&gt;false&lt;/Documentable&gt;&lt;Mitigations&gt;&lt;/Mitigations&gt;&lt;SeverityOverrideGuidance&gt;&lt;/SeverityOverrideGuidance&gt;&lt;PotentialImpacts&gt;&lt;/PotentialImpacts&gt;&lt;ThirdPartyTools&gt;&lt;/ThirdPartyTools&gt;&lt;MitigationControl&gt;&lt;/MitigationControl&gt;&lt;Responsibility&gt;&lt;/Responsibility&gt;&lt;IAControls&gt;&lt;/IAControls&gt;</Description>
      <DuplicateOf />
      <Ensure>Present</Ensure>
      <IsNullOrEmpty>False</IsNullOrEmpty>
      <Key>HKEY_LOCAL_MACHINE\SYSTEM\CurrentControlSet\Services\SharedAccess\Parameters\FirewallPolicy\PublicProfile\Logging</Key>
      <LegacyId>V-17447.b</LegacyId>
      <OrganizationValueRequired>False</OrganizationValueRequired>
      <OrganizationValueTestString />
      <RawString>Registry Hive:  HKEY_LOCAL_MACHINE
Registry Path:  \SYSTEM\CurrentControlSet\Services\SharedAccess\Parameters\FirewallPolicy\PublicProfile\Logging\
Type:  REG_DWORD
Value Name:  LogSuccessfulConnections
Value:  0x00000001 (1)</RawString>
      <ValueData>1</ValueData>
      <ValueName>LogSuccessfulConnections</ValueName>
      <ValueType>Dword</ValueType>
    </Rule>
  </RegistryRule>
</DISASTIG>
