<DISASTIG version="2" classification="UNCLASSIFIED" customname="" stigid="Windows_Defender_Antivirus" description="This Security Technical Implementation Guide is published as a tool to improve the security of Department of Defense (DoD) information systems. The requirements are derived from the National Institute of Standards and Technology (NIST) 800-53 and related documents. Comments or proposed revisions to this document should be sent via email to the following address: disa.stig_spt@mail.mil." filename="U_MS_Windows_Defender_Antivirus_STIG_V2R3_Manual-xccdf.xml" releaseinfo="Release: 3 Benchmark Date: 01 Nov 2021 3.2.2.36079 1.10.0" title="Microsoft Windows Defender Antivirus Security Technical Implementation Guide" notice="terms-of-use" source="STIG.DOD.MIL" fullversion="2.3" created="11/23/2021">
  <RegistryRule dscresourcemodule="PSDscResources">
    <Rule id="V-213426" severity="high" conversionstatus="pass" title="SRG-APP-000279" dscresource="RegistryPolicyFile">
      <Description>&lt;VulnDiscussion&gt;After enabling this feature, PUA protection blocking takes effect on endpoint clients after the next signature update or computer restart. Signature updates take place daily under typical circumstances. PUA will be blocked and automatically quarantined.&lt;/VulnDiscussion&gt;&lt;FalsePositives&gt;&lt;/FalsePositives&gt;&lt;FalseNegatives&gt;&lt;/FalseNegatives&gt;&lt;Documentable&gt;false&lt;/Documentable&gt;&lt;Mitigations&gt;&lt;/Mitigations&gt;&lt;SeverityOverrideGuidance&gt;&lt;/SeverityOverrideGuidance&gt;&lt;PotentialImpacts&gt;&lt;/PotentialImpacts&gt;&lt;ThirdPartyTools&gt;&lt;/ThirdPartyTools&gt;&lt;MitigationControl&gt;&lt;/MitigationControl&gt;&lt;Responsibility&gt;&lt;/Responsibility&gt;&lt;IAControls&gt;&lt;/IAControls&gt;</Description>
      <DuplicateOf />
      <Ensure>Present</Ensure>
      <IsNullOrEmpty>False</IsNullOrEmpty>
      <Key>HKEY_LOCAL_MACHINE\Software\Policies\Microsoft\Windows Defender</Key>
      <LegacyId>V-75147</LegacyId>
      <OrganizationValueRequired>False</OrganizationValueRequired>
      <OrganizationValueTestString />
      <RawString>Verify the policy value for Computer Configuration &gt;&gt; Administrative Templates &gt;&gt; Windows Components &gt;&gt; Windows Defender Antivirus &gt;&gt; "Configure detection for potentially unwanted applications" is set to "Enabled" and "Block".

Use the Windows Registry Editor to navigate to the following key: 

HKLM\Software\Policies\Microsoft\Windows Defender

If the value "PUAProtection" does not exist, this is a finding.

If the value "PUAProtection" is REG_DWORD = 1, this is not a finding.</RawString>
      <ValueData>1</ValueData>
      <ValueName>PUAProtection</ValueName>
      <ValueType>Dword</ValueType>
    </Rule>
    <Rule id="V-213427" severity="medium" conversionstatus="pass" title="SRG-APP-000279" dscresource="RegistryPolicyFile">
      <Description>&lt;VulnDiscussion&gt;This policy setting allows you to configure whether Windows Defender automatically takes action on all detected threats. The action to be taken on a particular threat is determined by the combination of the policy-defined action user-defined action and the signature-defined action. If you enable this policy setting Windows Defender does not automatically take action on the detected threats but prompts users to choose from the actions available for each threat. If you disable or do not configure this policy setting Windows Defender automatically takes action on all detected threats after a nonconfigurable delay of approximately five seconds.&lt;/VulnDiscussion&gt;&lt;FalsePositives&gt;&lt;/FalsePositives&gt;&lt;FalseNegatives&gt;&lt;/FalseNegatives&gt;&lt;Documentable&gt;false&lt;/Documentable&gt;&lt;Mitigations&gt;&lt;/Mitigations&gt;&lt;SeverityOverrideGuidance&gt;&lt;/SeverityOverrideGuidance&gt;&lt;PotentialImpacts&gt;&lt;/PotentialImpacts&gt;&lt;ThirdPartyTools&gt;&lt;/ThirdPartyTools&gt;&lt;MitigationControl&gt;&lt;/MitigationControl&gt;&lt;Responsibility&gt;&lt;/Responsibility&gt;&lt;IAControls&gt;&lt;/IAControls&gt;</Description>
      <DuplicateOf />
      <Ensure>Present</Ensure>
      <IsNullOrEmpty>False</IsNullOrEmpty>
      <Key>HKEY_LOCAL_MACHINE\Software\Policies\Microsoft\Windows Defender</Key>
      <LegacyId>V-75151</LegacyId>
      <OrganizationValueRequired>False</OrganizationValueRequired>
      <OrganizationValueTestString />
      <RawString>Verify the policy value for Computer Configuration -&gt; Administrative Templates -&gt; Windows Components -&gt; Windows Defender Antivirus -&gt; "Turn off routine remediation" is set to "Disabled" or "Not Configured".
 
Procedure: Use the Windows Registry Editor to navigate to the following key: 
HKLM\Software\Policies\Microsoft\Windows Defender

Criteria: If the value "DisableRoutinelyTakingAction" is REG_DWORD = 0, this is not a finding.

If the value does not exist, this is not a finding.

If the value is 1, this is a finding.</RawString>
      <ValueData>0</ValueData>
      <ValueName>DisableRoutinelyTakingAction</ValueName>
      <ValueType>Dword</ValueType>
    </Rule>
    <Rule id="V-213428" severity="high" conversionstatus="pass" title="SRG-APP-000278" dscresource="RegistryPolicyFile">
      <Description>&lt;VulnDiscussion&gt;This policy setting turns off Windows Defender Antivirus. If you enable this policy setting Windows Defender Antivirus does not run and computers are not scanned for malware or other potentially unwanted software. When the setting is Disabled and a third-party antivirus solution is installed, the two applications can both simultaneously try to protect the system. The two AV solutions both attempt to quarantine the same threat and will fight for access to delete the file. Users will see conflicts and the system may lock up until the two solutions finish processing. When the setting is Not Configured and a third-party antivirus solution is installed, both applications co-exist on the system without conflicts.  Defender Antivirus will automatically disable itself and will enable if the third-party solution stops functioning.  When the setting is Not Configured and Defender Antivirus is the only AV solution, Defender AV will run (default state) and receive definition updates.  An administrator account is needed to turn off the service.  A standard user cannot disable the service. &lt;/VulnDiscussion&gt;&lt;FalsePositives&gt;&lt;/FalsePositives&gt;&lt;FalseNegatives&gt;&lt;/FalseNegatives&gt;&lt;Documentable&gt;false&lt;/Documentable&gt;&lt;Mitigations&gt;&lt;/Mitigations&gt;&lt;SeverityOverrideGuidance&gt;&lt;/SeverityOverrideGuidance&gt;&lt;PotentialImpacts&gt;&lt;/PotentialImpacts&gt;&lt;ThirdPartyTools&gt;&lt;/ThirdPartyTools&gt;&lt;MitigationControl&gt;&lt;/MitigationControl&gt;&lt;Responsibility&gt;&lt;/Responsibility&gt;&lt;IAControls&gt;&lt;/IAControls&gt;</Description>
      <DuplicateOf />
      <Ensure>Absent</Ensure>
      <IsNullOrEmpty>False</IsNullOrEmpty>
      <Key>HKEY_LOCAL_MACHINE\Software\Policies\Microsoft\Windows Defender</Key>
      <LegacyId>V-75153</LegacyId>
      <OrganizationValueRequired>False</OrganizationValueRequired>
      <OrganizationValueTestString />
      <RawString>Verify the policy value for Computer Configuration &gt;&gt; Administrative Templates &gt;&gt; Windows Components &gt;&gt; Windows Defender Antivirus &gt;&gt; "Turn off Windows Defender Antivirus" is set to “Not Configured”.

For Windows 10:
Procedure: Use the Windows Registry Editor to navigate to the following key: 
HKLM\Software\Policies\Microsoft\Windows Defender

Criteria: If the value "DisableAntiSpyware" does not exist, this is not a finding.</RawString>
      <ValueData>
      </ValueData>
      <ValueName>DisableAntiSpyware</ValueName>
      <ValueType>None</ValueType>
    </Rule>
    <Rule id="V-213429" severity="medium" conversionstatus="pass" title="SRG-APP-000278" dscresource="RegistryPolicyFile">
      <Description>&lt;VulnDiscussion&gt;This policy setting allows you to disable scheduled and real-time scanning for files under the paths specified or for the fully qualified resources specified. Paths should be added under the Options for this setting. Each entry must be listed as a name value pair where the name should be a string representation of a path or a fully qualified resource name. As an example a path might be defined as: "c:\Windows" to exclude all files in this directory. A fully qualified resource name might be defined as: "C:\Windows\App.exe". The value is not used and it is recommended that this be set to 0.

Exceptions can be made to allow file/folders that are impacting enterprise applications to be excluded from being scanned. All exclusions should be documented and approved. &lt;/VulnDiscussion&gt;&lt;FalsePositives&gt;&lt;/FalsePositives&gt;&lt;FalseNegatives&gt;&lt;/FalseNegatives&gt;&lt;Documentable&gt;false&lt;/Documentable&gt;&lt;Mitigations&gt;&lt;/Mitigations&gt;&lt;SeverityOverrideGuidance&gt;&lt;/SeverityOverrideGuidance&gt;&lt;PotentialImpacts&gt;&lt;/PotentialImpacts&gt;&lt;ThirdPartyTools&gt;&lt;/ThirdPartyTools&gt;&lt;MitigationControl&gt;&lt;/MitigationControl&gt;&lt;Responsibility&gt;&lt;/Responsibility&gt;&lt;IAControls&gt;&lt;/IAControls&gt;</Description>
      <DuplicateOf />
      <Ensure>Absent</Ensure>
      <IsNullOrEmpty>False</IsNullOrEmpty>
      <Key>HKEY_LOCAL_MACHINE\Software\Policies\Microsoft\Windows Defender\Exclusions</Key>
      <LegacyId>V-75155</LegacyId>
      <OrganizationValueRequired>False</OrganizationValueRequired>
      <OrganizationValueTestString />
      <RawString>Verify the policy value for Computer Configuration -&gt; Administrative Templates -&gt; Windows Components -&gt; Windows Defender Antivirus -&gt; Exclusions -&gt; "Path Exclusions" is set to "Disabled" or "Not Configured.
 
Procedure: Use the Windows Registry Editor to navigate to the following key: 
HKLM\Software\Policies\Microsoft\Windows Defender\Exclusions
 
Criteria: If the value "Exclusions_Paths" does not exist, this is not a finding.</RawString>
      <ValueData>
      </ValueData>
      <ValueName>Exclusions_Paths</ValueName>
      <ValueType>None</ValueType>
    </Rule>
    <Rule id="V-213430" severity="medium" conversionstatus="pass" title="SRG-APP-000278" dscresource="RegistryPolicyFile">
      <Description>&lt;VulnDiscussion&gt;This policy setting allows you to disable scheduled and real-time scanning for any file opened by any of the specified processes. The process itself will not be excluded. To exclude the process use the Path exclusion. Processes should be added under the Options for this setting. Each entry must be listed as a name value pair where the name should be a string representation of the path to the process image. Note that only executables can be excluded. For example a process might be defined as: "c:\windows\app.exe". The value is not used and it is recommended that this be set to 0.&lt;/VulnDiscussion&gt;&lt;FalsePositives&gt;&lt;/FalsePositives&gt;&lt;FalseNegatives&gt;&lt;/FalseNegatives&gt;&lt;Documentable&gt;false&lt;/Documentable&gt;&lt;Mitigations&gt;&lt;/Mitigations&gt;&lt;SeverityOverrideGuidance&gt;&lt;/SeverityOverrideGuidance&gt;&lt;PotentialImpacts&gt;&lt;/PotentialImpacts&gt;&lt;ThirdPartyTools&gt;&lt;/ThirdPartyTools&gt;&lt;MitigationControl&gt;&lt;/MitigationControl&gt;&lt;Responsibility&gt;&lt;/Responsibility&gt;&lt;IAControls&gt;&lt;/IAControls&gt;</Description>
      <DuplicateOf />
      <Ensure>Absent</Ensure>
      <IsNullOrEmpty>False</IsNullOrEmpty>
      <Key>HKEY_LOCAL_MACHINE\Software\Policies\Microsoft\Windows Defender\Exclusions</Key>
      <LegacyId>V-75157</LegacyId>
      <OrganizationValueRequired>False</OrganizationValueRequired>
      <OrganizationValueTestString />
      <RawString>Verify the policy value for Computer Configuration -&gt; Administrative Templates -&gt; Windows Components -&gt; Windows Defender Antivirus -&gt; Exclusions -&gt; "Process Exclusions" is set to "Disabled" or "Not Configured".
  
Procedure: Use the Windows Registry Editor to navigate to the following key: 
HKLM\Software\Policies\Microsoft\Windows Defender\Exclusions

Criteria: If the value "Exclusions_Processes" does not exist, this is not a finding.</RawString>
      <ValueData>
      </ValueData>
      <ValueName>Exclusions_Processes</ValueName>
      <ValueType>None</ValueType>
    </Rule>
    <Rule id="V-213431" severity="medium" conversionstatus="pass" title="SRG-APP-000278" dscresource="RegistryPolicyFile">
      <Description>&lt;VulnDiscussion&gt;Allows an administrator to specify if Automatic Exclusions feature for Server SKUs should be turned off.&lt;/VulnDiscussion&gt;&lt;FalsePositives&gt;&lt;/FalsePositives&gt;&lt;FalseNegatives&gt;&lt;/FalseNegatives&gt;&lt;Documentable&gt;false&lt;/Documentable&gt;&lt;Mitigations&gt;&lt;/Mitigations&gt;&lt;SeverityOverrideGuidance&gt;&lt;/SeverityOverrideGuidance&gt;&lt;PotentialImpacts&gt;&lt;/PotentialImpacts&gt;&lt;ThirdPartyTools&gt;&lt;/ThirdPartyTools&gt;&lt;MitigationControl&gt;&lt;/MitigationControl&gt;&lt;Responsibility&gt;&lt;/Responsibility&gt;&lt;IAControls&gt;&lt;/IAControls&gt;</Description>
      <DuplicateOf />
      <Ensure>Present</Ensure>
      <IsNullOrEmpty>False</IsNullOrEmpty>
      <Key>HKEY_LOCAL_MACHINE\Software\Policies\Microsoft\Windows Defender\Exclusions</Key>
      <LegacyId>V-75159</LegacyId>
      <OrganizationValueRequired>False</OrganizationValueRequired>
      <OrganizationValueTestString />
      <RawString>Verify the policy value for Computer Configuration -&gt; Administrative Templates -&gt; Windows Components -&gt; Windows Defender Antivirus -&gt; Exclusions -&gt; "Turn off Auto Exclusions" is set to "Disabled".
     
Procedure: Use the Windows Registry Editor to navigate to the following key: 
HKLM\Software\Policies\Microsoft\Windows Defender\Exclusions

Criteria: If the value "DisableAutoExclusions" is REG_DWORD = 0, this is not a finding.</RawString>
      <ValueData>0</ValueData>
      <ValueName>DisableAutoExclusions</ValueName>
      <ValueType>Dword</ValueType>
    </Rule>
    <Rule id="V-213432" severity="medium" conversionstatus="pass" title="SRG-APP-000210" dscresource="RegistryPolicyFile">
      <Description>&lt;VulnDiscussion&gt;This policy setting configures a local override for the configuration to join Microsoft MAPS. This setting can only be set by Group Policy. If you enable this setting the local preference setting will take priority over Group Policy. If you disable or do not configure this setting Group Policy will take priority over the local preference setting.&lt;/VulnDiscussion&gt;&lt;FalsePositives&gt;&lt;/FalsePositives&gt;&lt;FalseNegatives&gt;&lt;/FalseNegatives&gt;&lt;Documentable&gt;false&lt;/Documentable&gt;&lt;Mitigations&gt;&lt;/Mitigations&gt;&lt;SeverityOverrideGuidance&gt;&lt;/SeverityOverrideGuidance&gt;&lt;PotentialImpacts&gt;&lt;/PotentialImpacts&gt;&lt;ThirdPartyTools&gt;&lt;/ThirdPartyTools&gt;&lt;MitigationControl&gt;&lt;/MitigationControl&gt;&lt;Responsibility&gt;&lt;/Responsibility&gt;&lt;IAControls&gt;&lt;/IAControls&gt;</Description>
      <DuplicateOf />
      <Ensure>Present</Ensure>
      <IsNullOrEmpty>False</IsNullOrEmpty>
      <Key>HKEY_LOCAL_MACHINE\Software\Policies\Microsoft\Windows Defender\Spynet</Key>
      <LegacyId>V-75161</LegacyId>
      <OrganizationValueRequired>False</OrganizationValueRequired>
      <OrganizationValueTestString />
      <RawString>This is applicable to unclassified systems, for other systems this is NA.

Verify the policy value for Computer Configuration -&gt; Administrative Templates -&gt; Windows Components -&gt; Windows Defender Antivirus -&gt; MAPS -&gt; "Configure local setting override for reporting to Microsoft MAPS" is set to "Disabled" or "Not Configured".
     
Procedure: Use the Windows Registry Editor to navigate to the following key: 
HKLM\Software\Policies\Microsoft\Windows Defender\Spynet

Criteria: If the value "LocalSettingOverrideSpynetReporting" is REG_DWORD = 0, this is not a finding.

If the value does not exist, this is not a finding.

If the value is 1, this is a finding.</RawString>
      <ValueData>0</ValueData>
      <ValueName>LocalSettingOverrideSpynetReporting</ValueName>
      <ValueType>Dword</ValueType>
    </Rule>
    <Rule id="V-213433" severity="medium" conversionstatus="pass" title="SRG-APP-000278" dscresource="RegistryPolicyFile">
      <Description>&lt;VulnDiscussion&gt;This feature ensures the device checks in real time with the Microsoft Active Protection Service (MAPS) before allowing certain content to be run or accessed. If this feature is disabled the check will not occur which will lower the protection state of the device. Enabled - The Block at First Sight setting is turned on. Disabled - The Block at First Sight setting is turned off. This feature requires these Group Policy settings to be set as follows: MAPS -&gt; The "Join Microsoft MAPS" must be enabled or the "Block at First Sight" feature will not function. MAPS -&gt; The "Send file samples when further analysis is required" should be set to 1 (Send safe samples) or 3 (Send all samples). Setting to 0 (Always Prompt) will lower the protection state of the device.  Setting to 2 (Never send) means the "Block at First Sight" feature will not function. Real-time Protection -&gt; The "Scan all downloaded files and attachments" policy must be enabled or the "Block at First Sight" feature will not function. Real-time Protection -&gt; Do not enable the "Turn off real-time protection" policy or the "Block at First Sight" feature will not function.&lt;/VulnDiscussion&gt;&lt;FalsePositives&gt;&lt;/FalsePositives&gt;&lt;FalseNegatives&gt;&lt;/FalseNegatives&gt;&lt;Documentable&gt;false&lt;/Documentable&gt;&lt;Mitigations&gt;&lt;/Mitigations&gt;&lt;SeverityOverrideGuidance&gt;&lt;/SeverityOverrideGuidance&gt;&lt;PotentialImpacts&gt;&lt;/PotentialImpacts&gt;&lt;ThirdPartyTools&gt;&lt;/ThirdPartyTools&gt;&lt;MitigationControl&gt;&lt;/MitigationControl&gt;&lt;Responsibility&gt;&lt;/Responsibility&gt;&lt;IAControls&gt;&lt;/IAControls&gt;</Description>
      <DuplicateOf />
      <Ensure>Present</Ensure>
      <IsNullOrEmpty>False</IsNullOrEmpty>
      <Key>HKEY_LOCAL_MACHINE\Software\Policies\Microsoft\Windows Defender\Spynet</Key>
      <LegacyId>V-75163</LegacyId>
      <OrganizationValueRequired>False</OrganizationValueRequired>
      <OrganizationValueTestString />
      <RawString>This is applicable to unclassified systems, for other systems this is NA.

Verify the policy value for Computer Configuration -&gt; Administrative Templates -&gt; Windows Components -&gt; Windows Defender Antivirus -&gt; MAPS -&gt; "Configure the 'Block at First Sight' feature" is set to "Enabled".
     
Procedure: Use the Windows Registry Editor to navigate to the following key: 
HKLM\Software\Policies\Microsoft\Windows Defender\Spynet

Criteria: If the value "DisableBlockAtFirstSeen" is REG_DWORD = 0, this is not a finding.</RawString>
      <ValueData>0</ValueData>
      <ValueName>DisableBlockAtFirstSeen</ValueName>
      <ValueType>Dword</ValueType>
    </Rule>
    <Rule id="V-213434" severity="medium" conversionstatus="pass" title="SRG-APP-000210" dscresource="RegistryPolicyFile">
      <Description>&lt;VulnDiscussion&gt;This policy setting allows you to join Microsoft MAPS. Microsoft MAPS is the online community that helps you choose how to respond to potential threats. The community also helps stop the spread of new malicious software infections. You can choose to send basic or additional information about detected software. Additional information helps Microsoft create new definitions and help it to protect your computer. This information can include things like location of detected items on your computer if harmful software was removed. The information will be automatically collected and sent. In some instances personal information might unintentionally be sent to Microsoft. However Microsoft will not use this information to identify you or contact you. Possible options are: (0x0) Disabled (default) (0x1) Basic membership (0x2) Advanced membership Basic membership will send basic information to Microsoft about software that has been detected including where the software came from the actions that you apply or that are applied automatically and whether the actions were successful. Advanced membership in addition to basic information will send more information to Microsoft about malicious software spyware and potentially unwanted software including the location of the software file names how the software operates and how it has impacted your computer. If you enable this setting you will join Microsoft MAPS with the membership specified. If you disable or do not configure this setting you will not join Microsoft MAPS. In Windows 10 Basic membership is no longer available so setting the value to 1 or 2 enrolls the device into Advanced membership.&lt;/VulnDiscussion&gt;&lt;FalsePositives&gt;&lt;/FalsePositives&gt;&lt;FalseNegatives&gt;&lt;/FalseNegatives&gt;&lt;Documentable&gt;false&lt;/Documentable&gt;&lt;Mitigations&gt;&lt;/Mitigations&gt;&lt;SeverityOverrideGuidance&gt;&lt;/SeverityOverrideGuidance&gt;&lt;PotentialImpacts&gt;&lt;/PotentialImpacts&gt;&lt;ThirdPartyTools&gt;&lt;/ThirdPartyTools&gt;&lt;MitigationControl&gt;&lt;/MitigationControl&gt;&lt;Responsibility&gt;&lt;/Responsibility&gt;&lt;IAControls&gt;&lt;/IAControls&gt;</Description>
      <DuplicateOf />
      <Ensure>Present</Ensure>
      <IsNullOrEmpty>False</IsNullOrEmpty>
      <Key>HKEY_LOCAL_MACHINE\Software\Policies\Microsoft\Windows Defender\Spynet</Key>
      <LegacyId>V-75167</LegacyId>
      <OrganizationValueRequired>False</OrganizationValueRequired>
      <OrganizationValueTestString />
      <RawString>This is applicable to unclassified systems, for other systems this is NA.

Verify the policy value for Computer Configuration &gt;&gt; Administrative Templates &gt;&gt; Windows Components &gt;&gt; Windows Defender Antivirus &gt;&gt; MAPS &gt;&gt; "Join Microsoft MAPS" is set to "Enabled" and "Advanced MAPS" selected from the drop down box.

Procedure: Use the Windows Registry Editor to navigate to the following key: 
HKLM\Software\Policies\Microsoft\Windows Defender\Spynet

Criteria: If the value "SpynetReporting" is REG_DWORD = 2, this is not a finding.</RawString>
      <ValueData>2</ValueData>
      <ValueName>SpynetReporting</ValueName>
      <ValueType>Dword</ValueType>
    </Rule>
    <Rule id="V-213435" severity="medium" conversionstatus="pass" title="SRG-APP-000210" dscresource="RegistryPolicyFile">
      <Description>&lt;VulnDiscussion&gt;This policy setting configures behavior of samples submission when opt-in for MAPS telemetry is set. Possible options are: (0x0) Always prompt  (0x1) Send safe samples automatically  (0x2) Never send  (0x3) Send all samples automatically.&lt;/VulnDiscussion&gt;&lt;FalsePositives&gt;&lt;/FalsePositives&gt;&lt;FalseNegatives&gt;&lt;/FalseNegatives&gt;&lt;Documentable&gt;false&lt;/Documentable&gt;&lt;Mitigations&gt;&lt;/Mitigations&gt;&lt;SeverityOverrideGuidance&gt;&lt;/SeverityOverrideGuidance&gt;&lt;PotentialImpacts&gt;&lt;/PotentialImpacts&gt;&lt;ThirdPartyTools&gt;&lt;/ThirdPartyTools&gt;&lt;MitigationControl&gt;&lt;/MitigationControl&gt;&lt;Responsibility&gt;&lt;/Responsibility&gt;&lt;IAControls&gt;&lt;/IAControls&gt;</Description>
      <DuplicateOf />
      <Ensure>Present</Ensure>
      <IsNullOrEmpty>False</IsNullOrEmpty>
      <Key>HKEY_LOCAL_MACHINE\Software\Policies\Microsoft\Windows Defender\Spynet</Key>
      <LegacyId>V-75207</LegacyId>
      <OrganizationValueRequired>False</OrganizationValueRequired>
      <OrganizationValueTestString />
      <RawString>This is applicable to unclassified systems, for other systems this is NA.

Verify the policy value for Computer Configuration -&gt; Administrative Templates -&gt; Windows Components -&gt; Windows Defender Antivirus -&gt; MAPS -&gt; "Send file samples when further analysis is required" is set to "Enabled" and "Send safe samples" selected from the drop down box.
     
Procedure: Use the Windows Registry Editor to navigate to the following key: 
HKLM\Software\Policies\Microsoft\Windows Defender\Spynet

Criteria: If the value "SubmitSamplesConsent" is REG_DWORD = 1, this is not a finding.</RawString>
      <ValueData>1</ValueData>
      <ValueName>SubmitSamplesConsent</ValueName>
      <ValueType>Dword</ValueType>
    </Rule>
    <Rule id="V-213436" severity="medium" conversionstatus="pass" title="SRG-APP-000278" dscresource="RegistryPolicyFile">
      <Description>&lt;VulnDiscussion&gt;This policy setting allows you to configure protocol recognition for network protection against exploits of known vulnerabilities. If you enable or do not configure this setting protocol recognition will be enabled. If you disable this setting protocol recognition will be disabled.&lt;/VulnDiscussion&gt;&lt;FalsePositives&gt;&lt;/FalsePositives&gt;&lt;FalseNegatives&gt;&lt;/FalseNegatives&gt;&lt;Documentable&gt;false&lt;/Documentable&gt;&lt;Mitigations&gt;&lt;/Mitigations&gt;&lt;SeverityOverrideGuidance&gt;&lt;/SeverityOverrideGuidance&gt;&lt;PotentialImpacts&gt;&lt;/PotentialImpacts&gt;&lt;ThirdPartyTools&gt;&lt;/ThirdPartyTools&gt;&lt;MitigationControl&gt;&lt;/MitigationControl&gt;&lt;Responsibility&gt;&lt;/Responsibility&gt;&lt;IAControls&gt;&lt;/IAControls&gt;</Description>
      <DuplicateOf />
      <Ensure>Present</Ensure>
      <IsNullOrEmpty>False</IsNullOrEmpty>
      <Key>HKEY_LOCAL_MACHINE\Software\Policies\Microsoft\Windows Defender\NIS</Key>
      <LegacyId>V-75209</LegacyId>
      <OrganizationValueRequired>False</OrganizationValueRequired>
      <OrganizationValueTestString />
      <RawString>Verify the policy value for Computer Configuration -&gt; Administrative Templates -&gt; Windows Components -&gt; Windows Defender Antivirus -&gt; Network Inspection System -&gt; "Turn on protocol recognition" is set to "Enabled" or "Not Configured".
 
Procedure: Use the Windows Registry Editor to navigate to the following key:
HKLM\Software\Policies\Microsoft\Windows Defender\NIS

Criteria: If the value "DisableProtocolRecognition" is REG_DWORD = 0, this is not a finding.

If the value does not exist, this is not a finding.

If the value is 1, this is a finding.</RawString>
      <ValueData>0</ValueData>
      <ValueName>DisableProtocolRecognition</ValueName>
      <ValueType>Dword</ValueType>
    </Rule>
    <Rule id="V-213437" severity="medium" conversionstatus="pass" title="SRG-APP-000112" dscresource="RegistryPolicyFile">
      <Description>&lt;VulnDiscussion&gt;This policy setting configures a local override for the configuration of monitoring for file and program activity on your computer. This setting can only be set by Group Policy. If you enable this setting the local preference setting will take priority over Group Policy. If you disable or do not configure this setting Group Policy will take priority over the local preference setting.&lt;/VulnDiscussion&gt;&lt;FalsePositives&gt;&lt;/FalsePositives&gt;&lt;FalseNegatives&gt;&lt;/FalseNegatives&gt;&lt;Documentable&gt;false&lt;/Documentable&gt;&lt;Mitigations&gt;&lt;/Mitigations&gt;&lt;SeverityOverrideGuidance&gt;&lt;/SeverityOverrideGuidance&gt;&lt;PotentialImpacts&gt;&lt;/PotentialImpacts&gt;&lt;ThirdPartyTools&gt;&lt;/ThirdPartyTools&gt;&lt;MitigationControl&gt;&lt;/MitigationControl&gt;&lt;Responsibility&gt;&lt;/Responsibility&gt;&lt;IAControls&gt;&lt;/IAControls&gt;</Description>
      <DuplicateOf />
      <Ensure>Present</Ensure>
      <IsNullOrEmpty>False</IsNullOrEmpty>
      <Key>HKEY_LOCAL_MACHINE\Software\Policies\Microsoft\Windows Defender\Real-Time Protection</Key>
      <LegacyId>V-75211</LegacyId>
      <OrganizationValueRequired>False</OrganizationValueRequired>
      <OrganizationValueTestString />
      <RawString>Verify the policy value for Computer Configuration -&gt; Administrative Templates -&gt; Windows Components -&gt; Windows Defender Antivirus -&gt; Real-time Protection -&gt; "Configure local setting override for monitoring file and program activity on your computer" is set to "Disabled" or "Not Configured".
 
Procedure: Use the Windows Registry Editor to navigate to the following key: 
HKLM\Software\Policies\Microsoft\Windows Defender\Real-Time Protection

Criteria: If the value "LocalSettingOverrideDisableOnAccessProtection" is REG_DWORD = 0, this is not a finding.

If the value does not exist, this is not a finding.

If the value is 1, this is a finding.</RawString>
      <ValueData>0</ValueData>
      <ValueName>LocalSettingOverrideDisableOnAccessProtection</ValueName>
      <ValueType>Dword</ValueType>
    </Rule>
    <Rule id="V-213438" severity="medium" conversionstatus="pass" title="SRG-APP-000112" dscresource="RegistryPolicyFile">
      <Description>&lt;VulnDiscussion&gt;This policy setting configures a local override for the configuration of monitoring for incoming and outgoing file activity. This setting can only be set by Group Policy. If you enable this setting the local preference setting will take priority over Group Policy. If you disable or do not configure this setting Group Policy will take priority over the local preference setting.&lt;/VulnDiscussion&gt;&lt;FalsePositives&gt;&lt;/FalsePositives&gt;&lt;FalseNegatives&gt;&lt;/FalseNegatives&gt;&lt;Documentable&gt;false&lt;/Documentable&gt;&lt;Mitigations&gt;&lt;/Mitigations&gt;&lt;SeverityOverrideGuidance&gt;&lt;/SeverityOverrideGuidance&gt;&lt;PotentialImpacts&gt;&lt;/PotentialImpacts&gt;&lt;ThirdPartyTools&gt;&lt;/ThirdPartyTools&gt;&lt;MitigationControl&gt;&lt;/MitigationControl&gt;&lt;Responsibility&gt;&lt;/Responsibility&gt;&lt;IAControls&gt;&lt;/IAControls&gt;</Description>
      <DuplicateOf />
      <Ensure>Present</Ensure>
      <IsNullOrEmpty>False</IsNullOrEmpty>
      <Key>HKEY_LOCAL_MACHINE\Software\Policies\Microsoft\Windows Defender\Real-Time Protection</Key>
      <LegacyId>V-75213</LegacyId>
      <OrganizationValueRequired>False</OrganizationValueRequired>
      <OrganizationValueTestString />
      <RawString>Verify the policy value for Computer Configuration -&gt; Administrative Templates -&gt; Windows Components -&gt; Windows Defender Antivirus -&gt; Real-time Protection -&gt; "Configure local setting override for monitoring for incoming and outgoing file activity" is set to "Disabled" or "Not Configure".
 
Procedure: Use the Windows Registry Editor to navigate to the following key: 
HKLM\Software\Policies\Microsoft\Windows Defender\Real-Time Protection

Criteria: If the value "LocalSettingOverrideRealtimeScanDirection" is REG_DWORD = 0, this is not a finding.

If the value does not exist, this is not a finding.

If the value is 1, this is a finding.</RawString>
      <ValueData>0</ValueData>
      <ValueName>LocalSettingOverrideRealtimeScanDirection</ValueName>
      <ValueType>Dword</ValueType>
    </Rule>
    <Rule id="V-213439" severity="medium" conversionstatus="pass" title="SRG-APP-000209" dscresource="RegistryPolicyFile">
      <Description>&lt;VulnDiscussion&gt;This policy setting configures a local override for the configuration of scanning for all downloaded files and attachments. This setting can only be set by Group Policy. If you enable this setting the local preference setting will take priority over Group Policy. If you disable or do not configure this setting Group Policy will take priority over the local preference setting.&lt;/VulnDiscussion&gt;&lt;FalsePositives&gt;&lt;/FalsePositives&gt;&lt;FalseNegatives&gt;&lt;/FalseNegatives&gt;&lt;Documentable&gt;false&lt;/Documentable&gt;&lt;Mitigations&gt;&lt;/Mitigations&gt;&lt;SeverityOverrideGuidance&gt;&lt;/SeverityOverrideGuidance&gt;&lt;PotentialImpacts&gt;&lt;/PotentialImpacts&gt;&lt;ThirdPartyTools&gt;&lt;/ThirdPartyTools&gt;&lt;MitigationControl&gt;&lt;/MitigationControl&gt;&lt;Responsibility&gt;&lt;/Responsibility&gt;&lt;IAControls&gt;&lt;/IAControls&gt;</Description>
      <DuplicateOf />
      <Ensure>Present</Ensure>
      <IsNullOrEmpty>False</IsNullOrEmpty>
      <Key>HKEY_LOCAL_MACHINE\Software\Policies\Microsoft\Windows Defender\Real-Time Protection</Key>
      <LegacyId>V-75215</LegacyId>
      <OrganizationValueRequired>False</OrganizationValueRequired>
      <OrganizationValueTestString />
      <RawString>Verify the policy value for Computer Configuration -&gt; Administrative Templates -&gt; Windows Components -&gt; Windows Defender Antivirus -&gt; Real-time Protection -&gt; "Configure local setting override for scanning all downloaded files and attachments" is set to "Disabled" or "Not Configured".
 
Procedure: Use the Windows Registry Editor to navigate to the following key: 
HKLM\Software\Policies\Microsoft\Windows Defender\Real-Time Protection

Criteria: If the value "LocalSettingOverrideDisableIOAVProtection" is REG_DWORD = 0, this is not a finding.

If the value does not exist, this is not a finding.

If the value is 1, this is a finding.</RawString>
      <ValueData>0</ValueData>
      <ValueName>LocalSettingOverrideDisableIOAVProtection</ValueName>
      <ValueType>Dword</ValueType>
    </Rule>
    <Rule id="V-213440" severity="medium" conversionstatus="pass" title="SRG-APP-000210" dscresource="RegistryPolicyFile">
      <Description>&lt;VulnDiscussion&gt;This policy setting configures a local override for the configuration of behavior monitoring. This setting can only be set by Group Policy. If you enable this setting the local preference setting will take priority over Group Policy. If you disable or do not configure this setting Group Policy will take priority over the local preference setting.&lt;/VulnDiscussion&gt;&lt;FalsePositives&gt;&lt;/FalsePositives&gt;&lt;FalseNegatives&gt;&lt;/FalseNegatives&gt;&lt;Documentable&gt;false&lt;/Documentable&gt;&lt;Mitigations&gt;&lt;/Mitigations&gt;&lt;SeverityOverrideGuidance&gt;&lt;/SeverityOverrideGuidance&gt;&lt;PotentialImpacts&gt;&lt;/PotentialImpacts&gt;&lt;ThirdPartyTools&gt;&lt;/ThirdPartyTools&gt;&lt;MitigationControl&gt;&lt;/MitigationControl&gt;&lt;Responsibility&gt;&lt;/Responsibility&gt;&lt;IAControls&gt;&lt;/IAControls&gt;</Description>
      <DuplicateOf />
      <Ensure>Present</Ensure>
      <IsNullOrEmpty>False</IsNullOrEmpty>
      <Key>HKEY_LOCAL_MACHINE\Software\Policies\Microsoft\Windows Defender\Real-Time Protection</Key>
      <LegacyId>V-75217</LegacyId>
      <OrganizationValueRequired>False</OrganizationValueRequired>
      <OrganizationValueTestString />
      <RawString>Verify the policy value for Computer Configuration -&gt; Administrative Templates -&gt; Windows Components -&gt; Windows Defender Antivirus -&gt; Real-time Protection -&gt; "Configure local setting override for turn on behavior monitoring" is set to "Disabled" or "Not Configure".
 
Procedure: Use the Windows Registry Editor to navigate to the following key: 
HKLM\Software\Policies\Microsoft\Windows Defender\Real-Time Protection

Criteria: If the value "LocalSettingOverrideDisableBehaviorMonitoring" is REG_DWORD = 0, this is not a finding.

If the value does not exist, this is not a finding.

If the value is 1, this is a finding.</RawString>
      <ValueData>0</ValueData>
      <ValueName>LocalSettingOverrideDisableBehaviorMonitoring</ValueName>
      <ValueType>Dword</ValueType>
    </Rule>
    <Rule id="V-213441" severity="medium" conversionstatus="pass" title="SRG-APP-000278" dscresource="RegistryPolicyFile">
      <Description>&lt;VulnDiscussion&gt;This policy setting configures a local override for the configuration to turn on real-time protection. This setting can only be set by Group Policy. If you enable this setting the local preference setting will take priority over Group Policy. If you disable or do not configure this setting Group Policy will take priority over the local preference setting.&lt;/VulnDiscussion&gt;&lt;FalsePositives&gt;&lt;/FalsePositives&gt;&lt;FalseNegatives&gt;&lt;/FalseNegatives&gt;&lt;Documentable&gt;false&lt;/Documentable&gt;&lt;Mitigations&gt;&lt;/Mitigations&gt;&lt;SeverityOverrideGuidance&gt;&lt;/SeverityOverrideGuidance&gt;&lt;PotentialImpacts&gt;&lt;/PotentialImpacts&gt;&lt;ThirdPartyTools&gt;&lt;/ThirdPartyTools&gt;&lt;MitigationControl&gt;&lt;/MitigationControl&gt;&lt;Responsibility&gt;&lt;/Responsibility&gt;&lt;IAControls&gt;&lt;/IAControls&gt;</Description>
      <DuplicateOf />
      <Ensure>Present</Ensure>
      <IsNullOrEmpty>False</IsNullOrEmpty>
      <Key>HKEY_LOCAL_MACHINE\Software\Policies\Microsoft\Windows Defender\Real-Time Protection</Key>
      <LegacyId>V-75219</LegacyId>
      <OrganizationValueRequired>False</OrganizationValueRequired>
      <OrganizationValueTestString />
      <RawString>Verify the policy value for Computer Configuration -&gt; Administrative Templates -&gt; Windows Components -&gt; Windows Defender Antivirus -&gt; Real-time Protection -&gt; "Configure local setting override to turn on real-time protection" is set to "Disabled" or "Not Configured".
 
Procedure: Use the Windows Registry Editor to navigate to the following key: 
HKLM\Software\Policies\Microsoft\Windows Defender\Real-Time Protection

Criteria: If the value "LocalSettingOverrideDisableRealtimeMonitoring" is REG_DWORD = 0, this is not a finding.

If the value does not exist, this is not a finding.

If the value is 1, this is a finding.</RawString>
      <ValueData>0</ValueData>
      <ValueName>LocalSettingOverrideDisableRealtimeMonitoring</ValueName>
      <ValueType>Dword</ValueType>
    </Rule>
    <Rule id="V-213442" severity="medium" conversionstatus="pass" title="SRG-APP-000278" dscresource="RegistryPolicyFile">
      <Description>&lt;VulnDiscussion&gt;This policy setting allows you to configure monitoring for incoming and outgoing files without having to turn off monitoring entirely. It is recommended for use on servers where there is a lot of incoming and outgoing file activity but for performance reasons need to have scanning disabled for a particular scan direction. The appropriate configuration should be evaluated based on the server role. Note that this configuration is only honored for NTFS volumes. For any other file system type full monitoring of file and program activity will be present on those volumes. The options for this setting are mutually exclusive: 0 = Scan incoming and outgoing files (default) 1 = Scan incoming files only 2 = Scan outgoing files only  Any other value or if the value does not exist resolves to the default (0). If you enable this setting the specified type of monitoring will be enabled. If you disable or do not configure this setting monitoring for incoming and outgoing files will be enabled.&lt;/VulnDiscussion&gt;&lt;FalsePositives&gt;&lt;/FalsePositives&gt;&lt;FalseNegatives&gt;&lt;/FalseNegatives&gt;&lt;Documentable&gt;false&lt;/Documentable&gt;&lt;Mitigations&gt;&lt;/Mitigations&gt;&lt;SeverityOverrideGuidance&gt;&lt;/SeverityOverrideGuidance&gt;&lt;PotentialImpacts&gt;&lt;/PotentialImpacts&gt;&lt;ThirdPartyTools&gt;&lt;/ThirdPartyTools&gt;&lt;MitigationControl&gt;&lt;/MitigationControl&gt;&lt;Responsibility&gt;&lt;/Responsibility&gt;&lt;IAControls&gt;&lt;/IAControls&gt;</Description>
      <DuplicateOf />
      <Ensure>Present</Ensure>
      <IsNullOrEmpty>False</IsNullOrEmpty>
      <Key>HKEY_LOCAL_MACHINE\Software\Policies\Microsoft\Windows Defender\Real-Time Protection</Key>
      <LegacyId>V-75221</LegacyId>
      <OrganizationValueRequired>False</OrganizationValueRequired>
      <OrganizationValueTestString />
      <RawString>Verify the policy value for Computer Configuration -&gt; Administrative Templates -&gt; Windows Components -&gt; Windows Defender Antivirus -&gt; Real-time Protection -&gt; "Configure monitoring for incoming and outgoing file and program activity" is set to "Disabled" or "Not Configured".
 
Procedure: Use the Windows Registry Editor to navigate to the following key: 
HKLM\Software\Policies\Microsoft\Windows Defender\Real-Time Protection

Criteria: If the value "RealtimeScanDirection" is REG_DWORD = 0, this is not a finding.

If the value does not exist, this is not a finding.

If the value is 1 or 2, this is a finding.</RawString>
      <ValueData>0</ValueData>
      <ValueName>RealtimeScanDirection</ValueName>
      <ValueType>Dword</ValueType>
    </Rule>
    <Rule id="V-213443" severity="medium" conversionstatus="pass" title="SRG-APP-000278" dscresource="RegistryPolicyFile">
      <Description>&lt;VulnDiscussion&gt;This policy setting allows you to configure monitoring for file and program activity. If you enable or do not configure this setting monitoring for file and program activity will be enabled. If you disable this setting monitoring for file and program activity will be disabled.&lt;/VulnDiscussion&gt;&lt;FalsePositives&gt;&lt;/FalsePositives&gt;&lt;FalseNegatives&gt;&lt;/FalseNegatives&gt;&lt;Documentable&gt;false&lt;/Documentable&gt;&lt;Mitigations&gt;&lt;/Mitigations&gt;&lt;SeverityOverrideGuidance&gt;&lt;/SeverityOverrideGuidance&gt;&lt;PotentialImpacts&gt;&lt;/PotentialImpacts&gt;&lt;ThirdPartyTools&gt;&lt;/ThirdPartyTools&gt;&lt;MitigationControl&gt;&lt;/MitigationControl&gt;&lt;Responsibility&gt;&lt;/Responsibility&gt;&lt;IAControls&gt;&lt;/IAControls&gt;</Description>
      <DuplicateOf />
      <Ensure>Present</Ensure>
      <IsNullOrEmpty>False</IsNullOrEmpty>
      <Key>HKEY_LOCAL_MACHINE\Software\Policies\Microsoft\Windows Defender\Real-Time Protection</Key>
      <LegacyId>V-75223</LegacyId>
      <OrganizationValueRequired>False</OrganizationValueRequired>
      <OrganizationValueTestString />
      <RawString>Verify the policy value for Computer Configuration -&gt; Administrative Templates -&gt; Windows Components -&gt; Windows Defender Antivirus -&gt; Real-time Protection -&gt; "Monitor file and program activity on your computer to be scanned" is set to "Enabled" or "Not Configured".
 
Procedure: Use the Windows Registry Editor to navigate to the following key: 
HKLM\Software\Policies\Microsoft\Windows Defender\Real-Time Protection

Criteria: If the value "DisableOnAccessProtection" is REG_DWORD = 0, this is not a finding.

If the value does not exist, this is not a finding.

If the value is 1, this is a finding.</RawString>
      <ValueData>0</ValueData>
      <ValueName>DisableOnAccessProtection</ValueName>
      <ValueType>Dword</ValueType>
    </Rule>
    <Rule id="V-213444" severity="medium" conversionstatus="pass" title="SRG-APP-000209" dscresource="RegistryPolicyFile">
      <Description>&lt;VulnDiscussion&gt;This policy setting allows you to configure scanning for all downloaded files and attachments. If you enable or do not configure this setting scanning for all downloaded files and attachments will be enabled. If you disable this setting scanning for all downloaded files and attachments will be disabled.&lt;/VulnDiscussion&gt;&lt;FalsePositives&gt;&lt;/FalsePositives&gt;&lt;FalseNegatives&gt;&lt;/FalseNegatives&gt;&lt;Documentable&gt;false&lt;/Documentable&gt;&lt;Mitigations&gt;&lt;/Mitigations&gt;&lt;SeverityOverrideGuidance&gt;&lt;/SeverityOverrideGuidance&gt;&lt;PotentialImpacts&gt;&lt;/PotentialImpacts&gt;&lt;ThirdPartyTools&gt;&lt;/ThirdPartyTools&gt;&lt;MitigationControl&gt;&lt;/MitigationControl&gt;&lt;Responsibility&gt;&lt;/Responsibility&gt;&lt;IAControls&gt;&lt;/IAControls&gt;</Description>
      <DuplicateOf />
      <Ensure>Present</Ensure>
      <IsNullOrEmpty>False</IsNullOrEmpty>
      <Key>HKEY_LOCAL_MACHINE\Software\Policies\Microsoft\Windows Defender\Real-Time Protection</Key>
      <LegacyId>V-75225</LegacyId>
      <OrganizationValueRequired>False</OrganizationValueRequired>
      <OrganizationValueTestString />
      <RawString>Verify the policy value for Computer Configuration -&gt; Administrative Templates -&gt; Windows Components -&gt; Windows Defender Antivirus -&gt; Real-time Protection -&gt; "Scan all downloaded files and attachments" is set to "Enabled" or "Not Configured".
 
Procedure: Use the Windows Registry Editor to navigate to the following key: 
HKLM\Software\Policies\Microsoft\Windows Defender\Real-Time Protection

Criteria: If the value "DisableIOAVProtection" is REG_DWORD = 0, this is not a finding.

If the value does not exist, this is not a finding.

If the value is 1, this is a finding.</RawString>
      <ValueData>0</ValueData>
      <ValueName>DisableIOAVProtection</ValueName>
      <ValueType>Dword</ValueType>
    </Rule>
    <Rule id="V-213445" severity="medium" conversionstatus="pass" title="SRG-APP-000278" dscresource="RegistryPolicyFile">
      <Description>&lt;VulnDiscussion&gt;This policy setting turns off real-time protection prompts for known malware detection. Windows Defender Antivirus alerts you when malware or potentially unwanted software attempts to install itself or to run on your computer. If you enable this policy setting Windows Defender Antivirus will not prompt users to take actions on malware detections. If you disable or do not configure this policy setting Windows Defender Antivirus will prompt users to take actions on malware detections.&lt;/VulnDiscussion&gt;&lt;FalsePositives&gt;&lt;/FalsePositives&gt;&lt;FalseNegatives&gt;&lt;/FalseNegatives&gt;&lt;Documentable&gt;false&lt;/Documentable&gt;&lt;Mitigations&gt;&lt;/Mitigations&gt;&lt;SeverityOverrideGuidance&gt;&lt;/SeverityOverrideGuidance&gt;&lt;PotentialImpacts&gt;&lt;/PotentialImpacts&gt;&lt;ThirdPartyTools&gt;&lt;/ThirdPartyTools&gt;&lt;MitigationControl&gt;&lt;/MitigationControl&gt;&lt;Responsibility&gt;&lt;/Responsibility&gt;&lt;IAControls&gt;&lt;/IAControls&gt;</Description>
      <DuplicateOf />
      <Ensure>Present</Ensure>
      <IsNullOrEmpty>False</IsNullOrEmpty>
      <Key>HKEY_LOCAL_MACHINE\Software\Policies\Microsoft\Windows Defender\Real-Time Protection</Key>
      <LegacyId>V-75227</LegacyId>
      <OrganizationValueRequired>False</OrganizationValueRequired>
      <OrganizationValueTestString />
      <RawString>Verify the policy value for Computer Configuration -&gt; Administrative Templates -&gt; Windows Components -&gt; Windows Defender Antivirus -&gt; Real-time Protection -&gt; "Turn off real-time protection" is set to "Disabled" or "Not Configured".
 
Procedure: Use the Windows Registry Editor to navigate to the following key: 
HKLM\Software\Policies\Microsoft\Windows Defender\Real-Time Protection

Criteria: If the value "DisableRealtimeMonitoring" is REG_DWORD = 0, this is not a finding.

If the value does not exist, this is not a finding.

If the value is 1, this is a finding.</RawString>
      <ValueData>0</ValueData>
      <ValueName>DisableRealtimeMonitoring</ValueName>
      <ValueType>Dword</ValueType>
    </Rule>
    <Rule id="V-213446" severity="medium" conversionstatus="pass" title="SRG-APP-000210" dscresource="RegistryPolicyFile">
      <Description>&lt;VulnDiscussion&gt;This policy setting allows you to configure behavior monitoring. If you enable or do not configure this setting behavior monitoring will be enabled. If you disable this setting behavior monitoring will be disabled.&lt;/VulnDiscussion&gt;&lt;FalsePositives&gt;&lt;/FalsePositives&gt;&lt;FalseNegatives&gt;&lt;/FalseNegatives&gt;&lt;Documentable&gt;false&lt;/Documentable&gt;&lt;Mitigations&gt;&lt;/Mitigations&gt;&lt;SeverityOverrideGuidance&gt;&lt;/SeverityOverrideGuidance&gt;&lt;PotentialImpacts&gt;&lt;/PotentialImpacts&gt;&lt;ThirdPartyTools&gt;&lt;/ThirdPartyTools&gt;&lt;MitigationControl&gt;&lt;/MitigationControl&gt;&lt;Responsibility&gt;&lt;/Responsibility&gt;&lt;IAControls&gt;&lt;/IAControls&gt;</Description>
      <DuplicateOf />
      <Ensure>Present</Ensure>
      <IsNullOrEmpty>False</IsNullOrEmpty>
      <Key>HKEY_LOCAL_MACHINE\Software\Policies\Microsoft\Windows Defender\Real-Time Protection</Key>
      <LegacyId>V-75229</LegacyId>
      <OrganizationValueRequired>False</OrganizationValueRequired>
      <OrganizationValueTestString />
      <RawString>Verify the policy value for Computer Configuration -&gt; Administrative Templates -&gt; Windows Components -&gt; Windows Defender Antivirus -&gt; Real-time Protection -&gt; "Turn on behavior monitoring" is set to "Enabled" or "Not Configured".
 
Procedure: Use the Windows Registry Editor to navigate to the following key: 
HKLM\Software\Policies\Microsoft\Windows Defender\Real-Time Protection

Criteria: If the value "DisableBehaviorMonitoring" is REG_DWORD = 0, this is not a finding.

If the value does not exist, this is not a finding.

If the value is 1, this is a finding.</RawString>
      <ValueData>0</ValueData>
      <ValueName>DisableBehaviorMonitoring</ValueName>
      <ValueType>Dword</ValueType>
    </Rule>
    <Rule id="V-213447" severity="medium" conversionstatus="pass" title="SRG-APP-000278" dscresource="RegistryPolicyFile">
      <Description>&lt;VulnDiscussion&gt;This policy setting allows you to configure process scanning when real-time protection is turned on. This helps to catch malware which could start when real-time protection is turned off. If you enable or do not configure this setting  a process scan will be initiated when real-time protection is turned on. If you disable this setting a process scan will not be initiated when real-time protection is turned on.&lt;/VulnDiscussion&gt;&lt;FalsePositives&gt;&lt;/FalsePositives&gt;&lt;FalseNegatives&gt;&lt;/FalseNegatives&gt;&lt;Documentable&gt;false&lt;/Documentable&gt;&lt;Mitigations&gt;&lt;/Mitigations&gt;&lt;SeverityOverrideGuidance&gt;&lt;/SeverityOverrideGuidance&gt;&lt;PotentialImpacts&gt;&lt;/PotentialImpacts&gt;&lt;ThirdPartyTools&gt;&lt;/ThirdPartyTools&gt;&lt;MitigationControl&gt;&lt;/MitigationControl&gt;&lt;Responsibility&gt;&lt;/Responsibility&gt;&lt;IAControls&gt;&lt;/IAControls&gt;</Description>
      <DuplicateOf />
      <Ensure>Present</Ensure>
      <IsNullOrEmpty>False</IsNullOrEmpty>
      <Key>HKEY_LOCAL_MACHINE\Software\Policies\Microsoft\Windows Defender\Real-Time Protection</Key>
      <LegacyId>V-75231</LegacyId>
      <OrganizationValueRequired>False</OrganizationValueRequired>
      <OrganizationValueTestString />
      <RawString>Verify the policy value for Computer Configuration -&gt; Administrative Templates -&gt; Windows Components -&gt; Windows Defender Antivirus -&gt; Real-time Protection -&gt; "Turn on process scanning whenever real-time protection is enabled" is set to "Enabled" or "Not Configured".
 
Procedure: Use the Windows Registry Editor to navigate to the following key: 
HKLM\Software\Policies\Microsoft\Windows Defender\Real-Time Protection

Criteria: If the value "DisableScanOnRealtimeEnable" is REG_DWORD = 0, this is not a finding.

If the value does not exist, this is not a finding.

If the value is 1, this is a finding.</RawString>
      <ValueData>0</ValueData>
      <ValueName>DisableScanOnRealtimeEnable</ValueName>
      <ValueType>Dword</ValueType>
    </Rule>
    <Rule id="V-213448" severity="medium" conversionstatus="pass" title="SRG-APP-000278" dscresource="RegistryPolicyFile">
      <Description>&lt;VulnDiscussion&gt;This policy setting allows you to configure scans for malicious software and unwanted software in archive files such as .ZIP or .CAB files. If you enable or do not configure this setting archive files will be scanned. If you disable this setting archive files will not be scanned.&lt;/VulnDiscussion&gt;&lt;FalsePositives&gt;&lt;/FalsePositives&gt;&lt;FalseNegatives&gt;&lt;/FalseNegatives&gt;&lt;Documentable&gt;false&lt;/Documentable&gt;&lt;Mitigations&gt;&lt;/Mitigations&gt;&lt;SeverityOverrideGuidance&gt;&lt;/SeverityOverrideGuidance&gt;&lt;PotentialImpacts&gt;&lt;/PotentialImpacts&gt;&lt;ThirdPartyTools&gt;&lt;/ThirdPartyTools&gt;&lt;MitigationControl&gt;&lt;/MitigationControl&gt;&lt;Responsibility&gt;&lt;/Responsibility&gt;&lt;IAControls&gt;&lt;/IAControls&gt;</Description>
      <DuplicateOf />
      <Ensure>Present</Ensure>
      <IsNullOrEmpty>False</IsNullOrEmpty>
      <Key>HKEY_LOCAL_MACHINE\Software\Policies\Microsoft\Windows Defender\Scan</Key>
      <LegacyId>V-75233</LegacyId>
      <OrganizationValueRequired>False</OrganizationValueRequired>
      <OrganizationValueTestString />
      <RawString>Verify the policy value for Computer Configuration -&gt; Administrative Templates -&gt; Windows Components -&gt; Windows Defender Antivirus -&gt; Scan -&gt; "Scan archive files" is set to "Enabled" or "Not Configured".
 
Procedure: Use the Windows Registry Editor to navigate to the following key: 
HKLM\Software\Policies\Microsoft\Windows Defender\Scan

Criteria: If the value "DisableArchiveScanning" is REG_DWORD = 0, this is not a finding.

If the value does not exist, this is not a finding.

If the value is 1, this is a finding.</RawString>
      <ValueData>0</ValueData>
      <ValueName>DisableArchiveScanning</ValueName>
      <ValueType>Dword</ValueType>
    </Rule>
    <Rule id="V-213449" severity="medium" conversionstatus="pass" title="SRG-APP-000073" dscresource="RegistryPolicyFile">
      <Description>&lt;VulnDiscussion&gt;This policy setting allows you to manage whether or not to scan for malicious software and unwanted software in the contents of removable drives such as USB flash drives when running a full scan. If you enable this setting removable drives will be scanned during any type of scan. If you disable or do not configure this setting removable drives will not be scanned during a full scan. Removable drives may still be scanned during quick scan and custom scan.&lt;/VulnDiscussion&gt;&lt;FalsePositives&gt;&lt;/FalsePositives&gt;&lt;FalseNegatives&gt;&lt;/FalseNegatives&gt;&lt;Documentable&gt;false&lt;/Documentable&gt;&lt;Mitigations&gt;&lt;/Mitigations&gt;&lt;SeverityOverrideGuidance&gt;&lt;/SeverityOverrideGuidance&gt;&lt;PotentialImpacts&gt;&lt;/PotentialImpacts&gt;&lt;ThirdPartyTools&gt;&lt;/ThirdPartyTools&gt;&lt;MitigationControl&gt;&lt;/MitigationControl&gt;&lt;Responsibility&gt;&lt;/Responsibility&gt;&lt;IAControls&gt;&lt;/IAControls&gt;</Description>
      <DuplicateOf />
      <Ensure>Present</Ensure>
      <IsNullOrEmpty>False</IsNullOrEmpty>
      <Key>HKEY_LOCAL_MACHINE\Software\Policies\Microsoft\Windows Defender\Scan</Key>
      <LegacyId>V-75235</LegacyId>
      <OrganizationValueRequired>False</OrganizationValueRequired>
      <OrganizationValueTestString />
      <RawString>Verify the policy value for Computer Configuration -&gt; Administrative Templates -&gt; Windows Components -&gt; Windows Defender Antivirus -&gt; Scan -&gt; "Scan removable drives" is set to "Enabled".
 
Procedure: Use the Windows Registry Editor to navigate to the following key: 
HKLM\Software\Policies\Microsoft\Windows Defender\Scan

Criteria: If the value "DisableRemovableDriveScanning" is REG_DWORD = 0, this is not a finding.</RawString>
      <ValueData>0</ValueData>
      <ValueName>DisableRemovableDriveScanning</ValueName>
      <ValueType>Dword</ValueType>
    </Rule>
    <Rule id="V-213450" severity="medium" conversionstatus="pass" title="SRG-APP-000277" dscresource="RegistryPolicyFile">
      <Description>&lt;VulnDiscussion&gt;This policy setting allows you to specify the day of the week on which to perform a scheduled scan. The scan can also be configured to run every day or to never run at all. This setting can be configured with the following ordinal number values: (0x0) Every Day  (0x1) Sunday  (0x2) Monday  (0x3) Tuesday  (0x4) Wednesday  (0x5) Thursday  (0x6) Friday  (0x7) Saturday  (0x8) Never (default)  If you enable this setting a scheduled scan will run at the frequency specified. If you disable or do not configure this setting a scheduled scan will run at a default frequency.&lt;/VulnDiscussion&gt;&lt;FalsePositives&gt;&lt;/FalsePositives&gt;&lt;FalseNegatives&gt;&lt;/FalseNegatives&gt;&lt;Documentable&gt;false&lt;/Documentable&gt;&lt;Mitigations&gt;&lt;/Mitigations&gt;&lt;SeverityOverrideGuidance&gt;&lt;/SeverityOverrideGuidance&gt;&lt;PotentialImpacts&gt;&lt;/PotentialImpacts&gt;&lt;ThirdPartyTools&gt;&lt;/ThirdPartyTools&gt;&lt;MitigationControl&gt;&lt;/MitigationControl&gt;&lt;Responsibility&gt;&lt;/Responsibility&gt;&lt;IAControls&gt;&lt;/IAControls&gt;</Description>
      <DuplicateOf />
      <Ensure>Present</Ensure>
      <IsNullOrEmpty>False</IsNullOrEmpty>
      <Key>HKEY_LOCAL_MACHINE\Software\Policies\Microsoft\Windows Defender\Scan</Key>
      <LegacyId>V-75237</LegacyId>
      <OrganizationValueRequired>True</OrganizationValueRequired>
      <OrganizationValueTestString>{0} -ge '0' -and {0} -le '7'</OrganizationValueTestString>
      <RawString>Verify the policy value for Computer Configuration -&gt; Administrative Templates -&gt; Windows Components -&gt; Windows Defender Antivirus -&gt; Scan -&gt; "Specify the day of the week to run a scheduled scan" is set to "Enabled" and anything other than "Never" selected in the drop down box.
  
Procedure: Use the Windows Registry Editor to navigate to the following key: 
HKLM\Software\Policies\Microsoft\Windows Defender\Scan

Criteria: If the value "ScheduleDay" is REG_DWORD = 0x8, this is a finding.

Values of 0x0 through 0x7 are acceptable and not a finding.</RawString>
      <ValueData />
      <ValueName>ScheduleDay</ValueName>
      <ValueType>Dword</ValueType>
    </Rule>
    <Rule id="V-213451" severity="medium" conversionstatus="pass" title="SRG-APP-000210" dscresource="RegistryPolicyFile">
      <Description>&lt;VulnDiscussion&gt;This policy setting allows you to configure e-mail scanning. When e-mail scanning is enabled the engine will parse the mailbox and mail files according to their specific format in order to analyze the mail bodies and attachments. Several e-mail formats are currently supported for example: pst (Outlook) dbx mbx mime (Outlook Express) binhex (Mac). If you enable this setting e-mail scanning will be enabled. If you disable or do not configure this setting e-mail scanning will be disabled.&lt;/VulnDiscussion&gt;&lt;FalsePositives&gt;&lt;/FalsePositives&gt;&lt;FalseNegatives&gt;&lt;/FalseNegatives&gt;&lt;Documentable&gt;false&lt;/Documentable&gt;&lt;Mitigations&gt;&lt;/Mitigations&gt;&lt;SeverityOverrideGuidance&gt;&lt;/SeverityOverrideGuidance&gt;&lt;PotentialImpacts&gt;&lt;/PotentialImpacts&gt;&lt;ThirdPartyTools&gt;&lt;/ThirdPartyTools&gt;&lt;MitigationControl&gt;&lt;/MitigationControl&gt;&lt;Responsibility&gt;&lt;/Responsibility&gt;&lt;IAControls&gt;&lt;/IAControls&gt;</Description>
      <DuplicateOf />
      <Ensure>Present</Ensure>
      <IsNullOrEmpty>False</IsNullOrEmpty>
      <Key>HKEY_LOCAL_MACHINE\Software\Policies\Microsoft\Windows Defender\Scan</Key>
      <LegacyId>V-75239</LegacyId>
      <OrganizationValueRequired>False</OrganizationValueRequired>
      <OrganizationValueTestString />
      <RawString>Verify the policy value for Computer Configuration -&gt; Administrative Templates -&gt; Windows Components -&gt; Windows Defender Antivirus -&gt; Scan -&gt; "Turn on e-mail scanning" is set to "Enabled".
  
Procedure: Use the Windows Registry Editor to navigate to the following key: 
HKLM\Software\Policies\Microsoft\Windows Defender\Scan

Criteria: If the value "DisableEmailScanning" is REG_DWORD = 0, this is not a finding.</RawString>
      <ValueData>0</ValueData>
      <ValueName>DisableEmailScanning</ValueName>
      <ValueType>Dword</ValueType>
    </Rule>
    <Rule id="V-213452" severity="high" conversionstatus="pass" title="SRG-APP-000276" dscresource="RegistryPolicyFile">
      <Description>&lt;VulnDiscussion&gt;This policy setting allows you to define the number of days that must pass before spyware definitions are considered out of date. If definitions are determined to be out of date this state may trigger several additional actions including falling back to an alternative update source or displaying a warning icon in the user interface. By default this value is set to 14 days. If you enable this setting spyware definitions will be considered out of date after the number of days specified have passed without an update. If you disable or do not configure this setting spyware definitions will be considered out of date after the default number of days have passed without an update.&lt;/VulnDiscussion&gt;&lt;FalsePositives&gt;&lt;/FalsePositives&gt;&lt;FalseNegatives&gt;&lt;/FalseNegatives&gt;&lt;Documentable&gt;false&lt;/Documentable&gt;&lt;Mitigations&gt;&lt;/Mitigations&gt;&lt;SeverityOverrideGuidance&gt;&lt;/SeverityOverrideGuidance&gt;&lt;PotentialImpacts&gt;&lt;/PotentialImpacts&gt;&lt;ThirdPartyTools&gt;&lt;/ThirdPartyTools&gt;&lt;MitigationControl&gt;&lt;/MitigationControl&gt;&lt;Responsibility&gt;&lt;/Responsibility&gt;&lt;IAControls&gt;&lt;/IAControls&gt;</Description>
      <DuplicateOf />
      <Ensure>Present</Ensure>
      <IsNullOrEmpty>False</IsNullOrEmpty>
      <Key>HKEY_LOCAL_MACHINE\Software\Policies\Microsoft\Windows Defender\Signature Updates</Key>
      <LegacyId>V-75241</LegacyId>
      <OrganizationValueRequired>True</OrganizationValueRequired>
      <OrganizationValueTestString>{0} -ge '1' -and {0} -le '7'</OrganizationValueTestString>
      <RawString>Verify the policy value for Computer Configuration -&gt; Administrative Templates -&gt; Windows Components -&gt; Windows Defender Antivirus -&gt; Signature Updates -&gt; "Define the number of days before spyware definitions are considered out of date" is set to "Enabled" and "7"or less selected in the drop down box (excluding "0", which is unacceptable).

If third-party anti-spyware is installed and up to date, the Windows Defender AV spyware age requirement will be N/A.

Procedure: Use the Windows Registry Editor to navigate to the following key: 
HKLM\Software\Policies\Microsoft\Windows Defender\Signature Updates

Criteria: If the value "ASSignatureDue" is REG_DWORD = 7, this is not a finding.

A value of 1 - 6 is also acceptable and not a finding.

A value of 0 is a finding.

A value higher than 7 is a finding.</RawString>
      <ValueData />
      <ValueName>ASSignatureDue</ValueName>
      <ValueType>Dword</ValueType>
    </Rule>
    <Rule id="V-213453" severity="high" conversionstatus="pass" title="SRG-APP-000276" dscresource="RegistryPolicyFile">
      <Description>&lt;VulnDiscussion&gt;This policy setting allows you to define the number of days that must pass before virus definitions are considered out of date. If definitions are determined to be out of date this state may trigger several additional actions including falling back to an alternative update source or displaying a warning icon in the user interface. By default this value is set to 14 days. If you enable this setting virus definitions will be considered out of date after the number of days specified have passed without an update. If you disable or do not configure this setting virus definitions will be considered out of date after the default number of days have passed without an update.&lt;/VulnDiscussion&gt;&lt;FalsePositives&gt;&lt;/FalsePositives&gt;&lt;FalseNegatives&gt;&lt;/FalseNegatives&gt;&lt;Documentable&gt;false&lt;/Documentable&gt;&lt;Mitigations&gt;&lt;/Mitigations&gt;&lt;SeverityOverrideGuidance&gt;&lt;/SeverityOverrideGuidance&gt;&lt;PotentialImpacts&gt;&lt;/PotentialImpacts&gt;&lt;ThirdPartyTools&gt;&lt;/ThirdPartyTools&gt;&lt;MitigationControl&gt;&lt;/MitigationControl&gt;&lt;Responsibility&gt;&lt;/Responsibility&gt;&lt;IAControls&gt;&lt;/IAControls&gt;</Description>
      <DuplicateOf />
      <Ensure>Present</Ensure>
      <IsNullOrEmpty>False</IsNullOrEmpty>
      <Key>HKEY_LOCAL_MACHINE\Software\Policies\Microsoft\Windows Defender\Signature Updates</Key>
      <LegacyId>V-75243</LegacyId>
      <OrganizationValueRequired>True</OrganizationValueRequired>
      <OrganizationValueTestString>{0} -ge '1' -and {0} -le '7'</OrganizationValueTestString>
      <RawString>Verify the policy value for Computer Configuration -&gt; Administrative Templates -&gt; Windows Components -&gt; Windows Defender Antivirus -&gt; Signature Updates -&gt; "Define the number of days before virus definitions are considered out of date" is set to "Enabled" and "7" or less selected in the drop down box (excluding "0", which is unacceptable).

If third-party antivirus protection is installed and up to date, the Windows Defender Antivirus age requirement is N/A.

Procedure: Use the Windows Registry Editor to navigate to the following key: 
HKLM\Software\Policies\Microsoft\Windows Defender\Signature Updates

Criteria: If the value "AVSignatureDue" is REG_DWORD = 7, this is not a finding.

A value of 1 - 6 is also acceptable and not a finding.

A value of 0 is a finding.

A value higher than 7 is a finding.</RawString>
      <ValueData />
      <ValueName>AVSignatureDue</ValueName>
      <ValueType>Dword</ValueType>
    </Rule>
    <Rule id="V-213454" severity="medium" conversionstatus="pass" title="SRG-APP-000261" dscresource="RegistryPolicyFile">
      <Description>&lt;VulnDiscussion&gt;This policy setting allows you to specify the day of the week on which to check for definition updates. The check can also be configured to run every day or to never run at all. This setting can be configured with the following ordinal number values: (0x0) Every Day (default)  (0x1) Sunday   (0x2) Monday  (0x3) Tuesday  (0x4) Wednesday  (0x5) Thursday  (0x6) Friday  (0x7) Saturday  (0x8) Never  If you enable this setting the check for definition updates will occur at the frequency specified. If you disable or do not configure this setting the check for definition updates will occur at a default frequency.&lt;/VulnDiscussion&gt;&lt;FalsePositives&gt;&lt;/FalsePositives&gt;&lt;FalseNegatives&gt;&lt;/FalseNegatives&gt;&lt;Documentable&gt;false&lt;/Documentable&gt;&lt;Mitigations&gt;&lt;/Mitigations&gt;&lt;SeverityOverrideGuidance&gt;&lt;/SeverityOverrideGuidance&gt;&lt;PotentialImpacts&gt;&lt;/PotentialImpacts&gt;&lt;ThirdPartyTools&gt;&lt;/ThirdPartyTools&gt;&lt;MitigationControl&gt;&lt;/MitigationControl&gt;&lt;Responsibility&gt;&lt;/Responsibility&gt;&lt;IAControls&gt;&lt;/IAControls&gt;</Description>
      <DuplicateOf />
      <Ensure>Present</Ensure>
      <IsNullOrEmpty>False</IsNullOrEmpty>
      <Key>HKEY_LOCAL_MACHINE\Software\Policies\Microsoft\Windows Defender\Signature Updates</Key>
      <LegacyId>V-75245</LegacyId>
      <OrganizationValueRequired>False</OrganizationValueRequired>
      <OrganizationValueTestString />
      <RawString>Verify the policy value for Computer Configuration -&gt; Administrative Templates -&gt; Windows Components -&gt; Windows Defender Antivirus -&gt; Signature Updates -&gt; "Specify the day of the week to check for definition updates" is set to "Enabled" and "Every Day" is selected in the drop down box.
  
Procedure: Use the Windows Registry Editor to navigate to the following key: 
HKLM\Software\Policies\Microsoft\Windows Defender\Signature Updates

Criteria: If the value "ScheduleDay" is REG_DWORD = 0, this is not a finding.</RawString>
      <ValueData>0</ValueData>
      <ValueName>ScheduleDay</ValueName>
      <ValueType>Dword</ValueType>
    </Rule>
    <Rule id="V-213455" severity="medium" conversionstatus="pass" title="SRG-APP-000207" dscresource="RegistryPolicyFile">
      <Description>&lt;VulnDiscussion&gt;This policy setting allows you to customize which automatic remediation action will be taken for each threat alert level. Threat alert levels should be added under the Options for this setting. Each entry must be listed as a name value pair. The name defines a threat alert level. The value contains the action ID for the remediation action that should be taken. Valid threat alert levels are:  1 = Low  2 =  Medium  4 = High  5 = Severe  Valid remediation action values are: 2 = Quarantine  3 = Remove  6 = Ignore&lt;/VulnDiscussion&gt;&lt;FalsePositives&gt;&lt;/FalsePositives&gt;&lt;FalseNegatives&gt;&lt;/FalseNegatives&gt;&lt;Documentable&gt;false&lt;/Documentable&gt;&lt;Mitigations&gt;&lt;/Mitigations&gt;&lt;SeverityOverrideGuidance&gt;&lt;/SeverityOverrideGuidance&gt;&lt;PotentialImpacts&gt;&lt;/PotentialImpacts&gt;&lt;ThirdPartyTools&gt;&lt;/ThirdPartyTools&gt;&lt;MitigationControl&gt;&lt;/MitigationControl&gt;&lt;Responsibility&gt;&lt;/Responsibility&gt;&lt;IAControls&gt;&lt;/IAControls&gt;</Description>
      <DuplicateOf />
      <Ensure>Present</Ensure>
      <IsNullOrEmpty>False</IsNullOrEmpty>
      <Key>HKEY_LOCAL_MACHINE\Software\Policies\Microsoft\Windows Defender\Threats\ThreatSeverityDefaultAction</Key>
      <LegacyId>V-75247</LegacyId>
      <OrganizationValueRequired>True</OrganizationValueRequired>
      <OrganizationValueTestString>'{0}' -match '2|3'</OrganizationValueTestString>
      <RawString>Verify the policy value for Computer Configuration -&gt; Administrative Templates -&gt; Windows Components -&gt; Windows Defender Antivirus -&gt; Threats -&gt; "Specify threat alert levels at which default action should not be taken when detected" is set to "Enabled".  Click the “Show…” box option and verify the ‘Value name’ field contains a value of “5” and the ‘Value’ field  contains a “2".  A value of “3” in the ‘Value’ field is more restrictive and also an acceptable value.
  
Procedure: Use the Windows Registry Editor to navigate to the following key: 
HKLM\Software\Policies\Microsoft\Windows Defender\Threats\ThreatSeverityDefaultAction

Criteria: If the value "5" is REG_SZ = 2 (or 3), this is not a finding.
</RawString>
      <ValueData />
      <ValueName>5</ValueName>
      <ValueType>String</ValueType>
    </Rule>
    <Rule id="V-213456" severity="medium" conversionstatus="pass" title="SRG-APP-000210" dscresource="RegistryPolicyFile">
      <Description>&lt;VulnDiscussion&gt;This rule blocks the following file types from being run or launched from an email seen in either Microsoft Outlook or webmail (such as Gmail.com or Outlook.com):
Executable files (such as .exe, .dll, or .scr)
Script files (such as a PowerShell .ps, VisualBasic .vbs, or JavaScript .js file)
Script archive files&lt;/VulnDiscussion&gt;&lt;FalsePositives&gt;&lt;/FalsePositives&gt;&lt;FalseNegatives&gt;&lt;/FalseNegatives&gt;&lt;Documentable&gt;false&lt;/Documentable&gt;&lt;Mitigations&gt;&lt;/Mitigations&gt;&lt;SeverityOverrideGuidance&gt;&lt;/SeverityOverrideGuidance&gt;&lt;PotentialImpacts&gt;&lt;/PotentialImpacts&gt;&lt;ThirdPartyTools&gt;&lt;/ThirdPartyTools&gt;&lt;MitigationControl&gt;&lt;/MitigationControl&gt;&lt;Responsibility&gt;&lt;/Responsibility&gt;&lt;IAControls&gt;&lt;/IAControls&gt;</Description>
      <DuplicateOf />
      <Ensure>Present</Ensure>
      <IsNullOrEmpty>False</IsNullOrEmpty>
      <Key>HKEY_LOCAL_MACHINE\Software\Policies\Microsoft\Windows Defender\Windows Defender Exploit Guard\ASR\Rules</Key>
      <LegacyId>V-77965</LegacyId>
      <OrganizationValueRequired>False</OrganizationValueRequired>
      <OrganizationValueTestString />
      <RawString>This setting is applicable starting with v1709 of Windows 10, it is NA for prior versions.

Verify the policy value for Computer Configuration -&gt; Administrative Templates -&gt; Windows Components -&gt; Windows Defender Antivirus -&gt; Windows Defender Exploit Guard -&gt; Attack Surface Reduction -&gt; "Configure Attack Surface Reduction rules" is set to "Enabled”.  Click ‘Show...’.  Verify the rule ID in the Value name column and the desired state in the Value column is set as follows:
Value name: BE9BA2D9-53EA-4CDC-84E5-9B1EEEE46550
Value:  1

Procedure: Use the Windows Registry Editor to navigate to the following key: 
HKLM\Software\Policies\Microsoft\Windows Defender\Windows Defender Exploit Guard\ASR\Rules

Criteria: If the value “BE9BA2D9-53EA-4CDC-84E5-9B1EEEE46550” is REG_SZ = 1, this is not a finding.</RawString>
      <ValueData>1</ValueData>
      <ValueName>BE9BA2D9-53EA-4CDC-84E5-9B1EEEE46550</ValueName>
      <ValueType>String</ValueType>
    </Rule>
    <Rule id="V-213457" severity="medium" conversionstatus="pass" title="SRG-APP-000210" dscresource="RegistryPolicyFile">
      <Description>&lt;VulnDiscussion&gt;Office apps, such as Word or Excel, will not be allowed to create child processes.
This is a typical malware behavior, especially for macro-based attacks that attempt to use Office apps to launch or download malicious executables.&lt;/VulnDiscussion&gt;&lt;FalsePositives&gt;&lt;/FalsePositives&gt;&lt;FalseNegatives&gt;&lt;/FalseNegatives&gt;&lt;Documentable&gt;false&lt;/Documentable&gt;&lt;Mitigations&gt;&lt;/Mitigations&gt;&lt;SeverityOverrideGuidance&gt;&lt;/SeverityOverrideGuidance&gt;&lt;PotentialImpacts&gt;&lt;/PotentialImpacts&gt;&lt;ThirdPartyTools&gt;&lt;/ThirdPartyTools&gt;&lt;MitigationControl&gt;&lt;/MitigationControl&gt;&lt;Responsibility&gt;&lt;/Responsibility&gt;&lt;IAControls&gt;&lt;/IAControls&gt;</Description>
      <DuplicateOf />
      <Ensure>Present</Ensure>
      <IsNullOrEmpty>False</IsNullOrEmpty>
      <Key>HKEY_LOCAL_MACHINE\Software\Policies\Microsoft\Windows Defender\Windows Defender Exploit Guard\ASR\Rules</Key>
      <LegacyId>V-77967</LegacyId>
      <OrganizationValueRequired>False</OrganizationValueRequired>
      <OrganizationValueTestString />
      <RawString>This setting is applicable starting with v1709 of Windows 10, it is NA for prior versions.

Verify the policy value for Computer Configuration -&gt; Administrative Templates -&gt; Windows Components -&gt; Windows Defender Antivirus -&gt; Windows Defender Exploit Guard -&gt; Attack Surface Reduction -&gt; "Configure Attack Surface Reduction rules" is set to "Enabled”.  Click ‘Show...’.  Verify the rule ID in the Value name column and the desired state in the Value column is set as follows:
Value name: D4F940AB-401B-4EFC-AADC-AD5F3C50688A
Value:  1

Procedure: Use the Windows Registry Editor to navigate to the following key: 
HKLM\Software\Policies\Microsoft\Windows Defender\Windows Defender Exploit Guard\ASR\Rules

Criteria: If the value “D4F940AB-401B-4EFC-AADC-AD5F3C50688A” is REG_SZ = 1, this is not a finding.</RawString>
      <ValueData>1</ValueData>
      <ValueName>D4F940AB-401B-4EFC-AADC-AD5F3C50688A</ValueName>
      <ValueType>String</ValueType>
    </Rule>
    <Rule id="V-213458" severity="medium" conversionstatus="pass" title="SRG-APP-000210" dscresource="RegistryPolicyFile">
      <Description>&lt;VulnDiscussion&gt;This rule targets typical behaviors used by suspicious and malicious add-ons and scripts (extensions) that create or launch executable files. This is a typical malware technique.
Extensions will be blocked from being used by Office apps. Typically these extensions use the Windows Scripting Host (.wsh files) to run scripts that automate certain tasks or provide user-created add-on features.&lt;/VulnDiscussion&gt;&lt;FalsePositives&gt;&lt;/FalsePositives&gt;&lt;FalseNegatives&gt;&lt;/FalseNegatives&gt;&lt;Documentable&gt;false&lt;/Documentable&gt;&lt;Mitigations&gt;&lt;/Mitigations&gt;&lt;SeverityOverrideGuidance&gt;&lt;/SeverityOverrideGuidance&gt;&lt;PotentialImpacts&gt;&lt;/PotentialImpacts&gt;&lt;ThirdPartyTools&gt;&lt;/ThirdPartyTools&gt;&lt;MitigationControl&gt;&lt;/MitigationControl&gt;&lt;Responsibility&gt;&lt;/Responsibility&gt;&lt;IAControls&gt;&lt;/IAControls&gt;</Description>
      <DuplicateOf />
      <Ensure>Present</Ensure>
      <IsNullOrEmpty>False</IsNullOrEmpty>
      <Key>HKEY_LOCAL_MACHINE\Software\Policies\Microsoft\Windows Defender\Windows Defender Exploit Guard\ASR\Rules</Key>
      <LegacyId>V-77969</LegacyId>
      <OrganizationValueRequired>False</OrganizationValueRequired>
      <OrganizationValueTestString />
      <RawString>This setting is applicable starting with v1709 of Windows 10, it is NA for prior versions.

Verify the policy value for Computer Configuration -&gt; Administrative Templates -&gt; Windows Components -&gt; Windows Defender Antivirus -&gt; Windows Defender Exploit Guard -&gt; Attack Surface Reduction -&gt; "Configure Attack Surface Reduction rules" is set to "Enabled”.  Click ‘Show...’.  Verify the rule ID in the Value name column and the desired state in the Value column is set as follows:
Value name: 3B576869-A4EC-4529-8536-B80A7769E899
Value:  1
 
Procedure: Use the Windows Registry Editor to navigate to the following key: 
HKLM\Software\Policies\Microsoft\Windows Defender\Windows Defender Exploit Guard\ASR\Rules

Criteria: If the value “3B576869-A4EC-4529-8536-B80A7769E899” is REG_SZ = 1, this is not a finding.</RawString>
      <ValueData>1</ValueData>
      <ValueName>3B576869-A4EC-4529-8536-B80A7769E899</ValueName>
      <ValueType>String</ValueType>
    </Rule>
    <Rule id="V-213459" severity="medium" conversionstatus="pass" title="SRG-APP-000210" dscresource="RegistryPolicyFile">
      <Description>&lt;VulnDiscussion&gt;Office apps, such as Word, Excel, or PowerPoint, will not be able to inject code into other processes.  This is typically used by malware to run malicious code in an attempt to hide the activity from antivirus scanning engines.&lt;/VulnDiscussion&gt;&lt;FalsePositives&gt;&lt;/FalsePositives&gt;&lt;FalseNegatives&gt;&lt;/FalseNegatives&gt;&lt;Documentable&gt;false&lt;/Documentable&gt;&lt;Mitigations&gt;&lt;/Mitigations&gt;&lt;SeverityOverrideGuidance&gt;&lt;/SeverityOverrideGuidance&gt;&lt;PotentialImpacts&gt;&lt;/PotentialImpacts&gt;&lt;ThirdPartyTools&gt;&lt;/ThirdPartyTools&gt;&lt;MitigationControl&gt;&lt;/MitigationControl&gt;&lt;Responsibility&gt;&lt;/Responsibility&gt;&lt;IAControls&gt;&lt;/IAControls&gt;</Description>
      <DuplicateOf />
      <Ensure>Present</Ensure>
      <IsNullOrEmpty>False</IsNullOrEmpty>
      <Key>HKEY_LOCAL_MACHINE\Software\Policies\Microsoft\Windows Defender\Windows Defender Exploit Guard\ASR\Rules</Key>
      <LegacyId>V-77971</LegacyId>
      <OrganizationValueRequired>False</OrganizationValueRequired>
      <OrganizationValueTestString />
      <RawString>This setting is applicable starting with v1709 of Windows 10, it is NA for prior versions.

Verify the policy value for Computer Configuration -&gt; Administrative Templates -&gt; Windows Components -&gt; Windows Defender Antivirus -&gt; Windows Defender Exploit Guard -&gt; Attack Surface Reduction -&gt; "Configure Attack Surface Reduction rules" is set to "Enabled”.  Click ‘Show...’.  Verify the rule ID in the Value name column and the desired state in the Value column is set as follows:
Value name: 75668C1F-73B5-4CF0-BB93-3ECF5CB7CC84
Value:  1

Procedure: Use the Windows Registry Editor to navigate to the following key: 
HKLM\Software\Policies\Microsoft\Windows Defender\Windows Defender Exploit Guard\ASR\Rules

Criteria: If the value “75668C1F-73B5-4CF0-BB93-3ECF5CB7CC84” is REG_SZ = 1, this is not a finding.</RawString>
      <ValueData>1</ValueData>
      <ValueName>75668C1F-73B5-4CF0-BB93-3ECF5CB7CC84</ValueName>
      <ValueType>String</ValueType>
    </Rule>
    <Rule id="V-213460" severity="medium" conversionstatus="pass" title="SRG-APP-000210" dscresource="RegistryPolicyFile">
      <Description>&lt;VulnDiscussion&gt;JavaScript and VBScript scripts can be used by malware to launch other malicious apps.
This rule prevents these scripts from being allowed to launch apps, thus preventing malicious use of the scripts to spread malware and infect machines.&lt;/VulnDiscussion&gt;&lt;FalsePositives&gt;&lt;/FalsePositives&gt;&lt;FalseNegatives&gt;&lt;/FalseNegatives&gt;&lt;Documentable&gt;false&lt;/Documentable&gt;&lt;Mitigations&gt;&lt;/Mitigations&gt;&lt;SeverityOverrideGuidance&gt;&lt;/SeverityOverrideGuidance&gt;&lt;PotentialImpacts&gt;&lt;/PotentialImpacts&gt;&lt;ThirdPartyTools&gt;&lt;/ThirdPartyTools&gt;&lt;MitigationControl&gt;&lt;/MitigationControl&gt;&lt;Responsibility&gt;&lt;/Responsibility&gt;&lt;IAControls&gt;&lt;/IAControls&gt;</Description>
      <DuplicateOf />
      <Ensure>Present</Ensure>
      <IsNullOrEmpty>False</IsNullOrEmpty>
      <Key>HKEY_LOCAL_MACHINE\Software\Policies\Microsoft\Windows Defender\Windows Defender Exploit Guard\ASR\Rules</Key>
      <LegacyId>V-77973</LegacyId>
      <OrganizationValueRequired>False</OrganizationValueRequired>
      <OrganizationValueTestString />
      <RawString>This setting is applicable starting with v1709 of Windows 10, it is NA for prior versions.

Verify the policy value for Computer Configuration -&gt; Administrative Templates -&gt; Windows Components -&gt; Windows Defender Antivirus -&gt; Windows Defender Exploit Guard -&gt; Attack Surface Reduction -&gt; "Configure Attack Surface Reduction rules" is set to "Enabled”.  Click ‘Show...’.  Verify the rule ID in the Value name column and the desired state in the Value column is set as follows:
Value name: D3E037E1-3EB8-44C8-A917-57927947596D 
Value:  1

Procedure: Use the Windows Registry Editor to navigate to the following key: 
HKLM\Software\Policies\Microsoft\Windows Defender\Windows Defender Exploit Guard\ASR\Rules

Criteria: If the value “D3E037E1-3EB8-44C8-A917-57927947596D” is REG_SZ = 1, this is not a finding.</RawString>
      <ValueData>1</ValueData>
      <ValueName>D3E037E1-3EB8-44C8-A917-57927947596D</ValueName>
      <ValueType>String</ValueType>
    </Rule>
    <Rule id="V-213461" severity="medium" conversionstatus="pass" title="SRG-APP-000210" dscresource="RegistryPolicyFile">
      <Description>&lt;VulnDiscussion&gt;Malware and other threats can attempt to obfuscate or hide their malicious code in some script files.  This rule prevents scripts that appear to be obfuscated from running.
It uses the AntiMalwareScanInterface (AMSI) to determine if a script is potentially obfuscated, and then blocks such a script, or blocks scripts when an attempt is made to access them.&lt;/VulnDiscussion&gt;&lt;FalsePositives&gt;&lt;/FalsePositives&gt;&lt;FalseNegatives&gt;&lt;/FalseNegatives&gt;&lt;Documentable&gt;false&lt;/Documentable&gt;&lt;Mitigations&gt;&lt;/Mitigations&gt;&lt;SeverityOverrideGuidance&gt;&lt;/SeverityOverrideGuidance&gt;&lt;PotentialImpacts&gt;&lt;/PotentialImpacts&gt;&lt;ThirdPartyTools&gt;&lt;/ThirdPartyTools&gt;&lt;MitigationControl&gt;&lt;/MitigationControl&gt;&lt;Responsibility&gt;&lt;/Responsibility&gt;&lt;IAControls&gt;&lt;/IAControls&gt;</Description>
      <DuplicateOf />
      <Ensure>Present</Ensure>
      <IsNullOrEmpty>False</IsNullOrEmpty>
      <Key>HKEY_LOCAL_MACHINE\Software\Policies\Microsoft\Windows Defender\Windows Defender Exploit Guard\ASR\Rules</Key>
      <LegacyId>V-77975</LegacyId>
      <OrganizationValueRequired>False</OrganizationValueRequired>
      <OrganizationValueTestString />
      <RawString>This setting is applicable starting with v1709 of Windows 10, it is NA for prior versions.

Verify the policy value for Computer Configuration -&gt; Administrative Templates -&gt; Windows Components -&gt; Windows Defender Antivirus -&gt; Windows Defender Exploit Guard -&gt; Attack Surface Reduction -&gt; "Configure Attack Surface Reduction rules" is set to "Enabled”.  Click ‘Show...’.  Verify the rule ID in the Value name column and the desired state in the Value column is set as follows:
Value name: 5BEB7EFE-FD9A-4556-801D-275E5FFC04CC
Value:  1

Procedure: Use the Windows Registry Editor to navigate to the following key: 
HKLM\Software\Policies\Microsoft\Windows Defender\Windows Defender Exploit Guard\ASR\Rules

Criteria: If the value “5BEB7EFE-FD9A-4556-801D-275E5FFC04CC” is REG_SZ = 1, this is not a finding.</RawString>
      <ValueData>1</ValueData>
      <ValueName>5BEB7EFE-FD9A-4556-801D-275E5FFC04CC</ValueName>
      <ValueType>String</ValueType>
    </Rule>
    <Rule id="V-213462" severity="medium" conversionstatus="pass" title="SRG-APP-000210" dscresource="RegistryPolicyFile">
      <Description>&lt;VulnDiscussion&gt;This rule blocks potentially malicious behavior by not allowing macro code to execute routines in the Win 32 dynamic link library (DLL).  &lt;/VulnDiscussion&gt;&lt;FalsePositives&gt;&lt;/FalsePositives&gt;&lt;FalseNegatives&gt;&lt;/FalseNegatives&gt;&lt;Documentable&gt;false&lt;/Documentable&gt;&lt;Mitigations&gt;&lt;/Mitigations&gt;&lt;SeverityOverrideGuidance&gt;&lt;/SeverityOverrideGuidance&gt;&lt;PotentialImpacts&gt;&lt;/PotentialImpacts&gt;&lt;ThirdPartyTools&gt;&lt;/ThirdPartyTools&gt;&lt;MitigationControl&gt;&lt;/MitigationControl&gt;&lt;Responsibility&gt;&lt;/Responsibility&gt;&lt;IAControls&gt;&lt;/IAControls&gt;</Description>
      <DuplicateOf />
      <Ensure>Present</Ensure>
      <IsNullOrEmpty>False</IsNullOrEmpty>
      <Key>HKEY_LOCAL_MACHINE\Software\Policies\Microsoft\Windows Defender\Windows Defender Exploit Guard\ASR\Rules</Key>
      <LegacyId>V-77977</LegacyId>
      <OrganizationValueRequired>False</OrganizationValueRequired>
      <OrganizationValueTestString />
      <RawString>This setting is applicable starting with v1709 of Windows 10, it is NA for prior versions.

Verify the policy value for Computer Configuration -&gt; Administrative Templates -&gt; Windows Components -&gt; Windows Defender Antivirus -&gt; Windows Defender Exploit Guard -&gt; Attack Surface Reduction -&gt; "Configure Attack Surface Reduction rules" is set to "Enabled”.  Click ‘Show...’.  Verify the rule ID in the Value name column and the desired state in the Value column is set as follows:
Value name: 92E97FA1-2EDF-4476-BDD6-9DD0B4DDDC7B
Value:  1

Procedure: Use the Windows Registry Editor to navigate to the following key: 
HKLM\Software\Policies\Microsoft\Windows Defender\Windows Defender Exploit Guard\ASR\Rules

Criteria: If the value “92E97FA1-2EDF-4476-BDD6-9DD0B4DDDC7B” is REG_SZ = 1, this is not a finding.</RawString>
      <ValueData>1</ValueData>
      <ValueName>92E97FA1-2EDF-4476-BDD6-9DD0B4DDDC7B</ValueName>
      <ValueType>String</ValueType>
    </Rule>
    <Rule id="V-213463" severity="medium" conversionstatus="pass" title="SRG-APP-000210" dscresource="RegistryPolicyFile">
      <Description>&lt;VulnDiscussion&gt;Enable Windows Defender Exploit Guard network protection to prevent employees from using any application to access dangerous domains that may host phishing scams exploit-hosting sites and other malicious content on the Internet.&lt;/VulnDiscussion&gt;&lt;FalsePositives&gt;&lt;/FalsePositives&gt;&lt;FalseNegatives&gt;&lt;/FalseNegatives&gt;&lt;Documentable&gt;false&lt;/Documentable&gt;&lt;Mitigations&gt;&lt;/Mitigations&gt;&lt;SeverityOverrideGuidance&gt;&lt;/SeverityOverrideGuidance&gt;&lt;PotentialImpacts&gt;&lt;/PotentialImpacts&gt;&lt;ThirdPartyTools&gt;&lt;/ThirdPartyTools&gt;&lt;MitigationControl&gt;&lt;/MitigationControl&gt;&lt;Responsibility&gt;&lt;/Responsibility&gt;&lt;IAControls&gt;&lt;/IAControls&gt;</Description>
      <DuplicateOf />
      <Ensure>Present</Ensure>
      <IsNullOrEmpty>False</IsNullOrEmpty>
      <Key>HKEY_LOCAL_MACHINE\Software\Policies\Microsoft\Windows Defender\Windows Defender Exploit Guard\Network Protection</Key>
      <LegacyId>V-77979</LegacyId>
      <OrganizationValueRequired>False</OrganizationValueRequired>
      <OrganizationValueTestString />
      <RawString>This setting is applicable starting with v1709 of Windows 10, it is NA for prior versions.

 Verify the policy value for Computer Configuration -&gt; Administrative Templates -&gt; Windows Components -&gt; Windows Defender Antivirus -&gt; Windows Defender Exploit Guard -&gt; Network Protection -&gt; "Prevent users and apps from accessing dangerous websites" is set to "Enabled” and “Block" selected in the drop down box.

Procedure: Use the Windows Registry Editor to navigate to the following key: 
HKLM\Software\Policies\Microsoft\Windows Defender\Windows Defender Exploit Guard\Network Protection

Criteria: If the value "EnableNetworkProtection" is REG_DWORD = 1, this is not a finding.</RawString>
      <ValueData>1</ValueData>
      <ValueName>EnableNetworkProtection</ValueName>
      <ValueType>Dword</ValueType>
    </Rule>
    <Rule id="V-213464" severity="medium" conversionstatus="pass" title="SRG-APP-000207" dscresource="RegistryPolicyFile">
      <Description>&lt;VulnDiscussion&gt;This policy setting allows you to customize which automatic remediation action will be taken for each threat alert level. Threat alert levels should be added under the Options for this setting. Each entry must be listed as a name value pair. The name defines a threat alert level. The value contains the action ID for the remediation action that should be taken. Valid threat alert levels are:  1 = Low  2 =  Medium  4 = High  5 = Severe  Valid remediation action values are: 2 = Quarantine  3 = Remove  6 = Ignore&lt;/VulnDiscussion&gt;&lt;FalsePositives&gt;&lt;/FalsePositives&gt;&lt;FalseNegatives&gt;&lt;/FalseNegatives&gt;&lt;Documentable&gt;false&lt;/Documentable&gt;&lt;Mitigations&gt;&lt;/Mitigations&gt;&lt;SeverityOverrideGuidance&gt;&lt;/SeverityOverrideGuidance&gt;&lt;PotentialImpacts&gt;&lt;/PotentialImpacts&gt;&lt;ThirdPartyTools&gt;&lt;/ThirdPartyTools&gt;&lt;MitigationControl&gt;&lt;/MitigationControl&gt;&lt;Responsibility&gt;&lt;/Responsibility&gt;&lt;IAControls&gt;&lt;/IAControls&gt;</Description>
      <DuplicateOf />
      <Ensure>Present</Ensure>
      <IsNullOrEmpty>False</IsNullOrEmpty>
      <Key>HKEY_LOCAL_MACHINE\Software\Policies\Microsoft\Windows Defender\Threats\ThreatSeverityDefaultAction</Key>
      <LegacyId>V-79965</LegacyId>
      <OrganizationValueRequired>True</OrganizationValueRequired>
      <OrganizationValueTestString>'{0}' -match '2|3'</OrganizationValueTestString>
      <RawString>Verify the policy value for Computer Configuration -&gt; Administrative Templates -&gt; Windows Components -&gt; Windows Defender Antivirus -&gt; Threats -&gt; "Specify threat alert levels at which default action should not be taken when detected" is set to "Enabled".  Click the “Show…” box option and verify the ‘Value name’ field contains a value of “4” and the ‘Value’ field  contains a “2".  A value of “3” in the ‘Value’ field is more restrictive and also an acceptable value.
  
Procedure: Use the Windows Registry Editor to navigate to the following key: 
HKLM\Software\Policies\Microsoft\Windows Defender\Threats\ThreatSeverityDefaultAction

Criteria: If the value "4" is REG_SZ = 2 (or 3), this is not a finding. </RawString>
      <ValueData />
      <ValueName>4</ValueName>
      <ValueType>String</ValueType>
    </Rule>
    <Rule id="V-213465" severity="medium" conversionstatus="pass" title="SRG-APP-000207" dscresource="RegistryPolicyFile">
      <Description>&lt;VulnDiscussion&gt;This policy setting allows you to customize which automatic remediation action will be taken for each threat alert level. Threat alert levels should be added under the Options for this setting. Each entry must be listed as a name value pair. The name defines a threat alert level. The value contains the action ID for the remediation action that should be taken. Valid threat alert levels are:  1 = Low  2 =  Medium  4 = High  5 = Severe  Valid remediation action values are: 2 = Quarantine  3 = Remove  6 = Ignore&lt;/VulnDiscussion&gt;&lt;FalsePositives&gt;&lt;/FalsePositives&gt;&lt;FalseNegatives&gt;&lt;/FalseNegatives&gt;&lt;Documentable&gt;false&lt;/Documentable&gt;&lt;Mitigations&gt;&lt;/Mitigations&gt;&lt;SeverityOverrideGuidance&gt;&lt;/SeverityOverrideGuidance&gt;&lt;PotentialImpacts&gt;&lt;/PotentialImpacts&gt;&lt;ThirdPartyTools&gt;&lt;/ThirdPartyTools&gt;&lt;MitigationControl&gt;&lt;/MitigationControl&gt;&lt;Responsibility&gt;&lt;/Responsibility&gt;&lt;IAControls&gt;&lt;/IAControls&gt;</Description>
      <DuplicateOf />
      <Ensure>Present</Ensure>
      <IsNullOrEmpty>False</IsNullOrEmpty>
      <Key>HKEY_LOCAL_MACHINE\Software\Policies\Microsoft\Windows Defender\Threats\ThreatSeverityDefaultAction</Key>
      <LegacyId>V-79967</LegacyId>
      <OrganizationValueRequired>True</OrganizationValueRequired>
      <OrganizationValueTestString>'{0}' -match '2|3'</OrganizationValueTestString>
      <RawString>Verify the policy value for Computer Configuration -&gt; Administrative Templates -&gt; Windows Components -&gt; Windows Defender Antivirus -&gt; Threats -&gt; "Specify threat alert levels at which default action should not be taken when detected" is set to "Enabled".  Click the “Show…” box option and verify the ‘Value name’ field contains a value of “2” and the ‘Value’ field  contains a “2".  A value of “3” in the ‘Value’ field is more restrictive and also an acceptable value.
  
Procedure: Use the Windows Registry Editor to navigate to the following key: 
HKLM\Software\Policies\Microsoft\Windows Defender\Threats\ThreatSeverityDefaultAction

Criteria: If the value "2" is REG_SZ = 2 (or 3), this is not a finding.</RawString>
      <ValueData />
      <ValueName>2</ValueName>
      <ValueType>String</ValueType>
    </Rule>
    <Rule id="V-213466" severity="medium" conversionstatus="pass" title="SRG-APP-000207" dscresource="RegistryPolicyFile">
      <Description>&lt;VulnDiscussion&gt;This policy setting allows you to customize which automatic remediation action will be taken for each threat alert level. Threat alert levels should be added under the Options for this setting. Each entry must be listed as a name value pair. The name defines a threat alert level. The value contains the action ID for the remediation action that should be taken. Valid threat alert levels are:  1 = Low  2 =  Medium  4 = High  5 = Severe  Valid remediation action values are: 2 = Quarantine  3 = Remove  6 = Ignore&lt;/VulnDiscussion&gt;&lt;FalsePositives&gt;&lt;/FalsePositives&gt;&lt;FalseNegatives&gt;&lt;/FalseNegatives&gt;&lt;Documentable&gt;false&lt;/Documentable&gt;&lt;Mitigations&gt;&lt;/Mitigations&gt;&lt;SeverityOverrideGuidance&gt;&lt;/SeverityOverrideGuidance&gt;&lt;PotentialImpacts&gt;&lt;/PotentialImpacts&gt;&lt;ThirdPartyTools&gt;&lt;/ThirdPartyTools&gt;&lt;MitigationControl&gt;&lt;/MitigationControl&gt;&lt;Responsibility&gt;&lt;/Responsibility&gt;&lt;IAControls&gt;&lt;/IAControls&gt;</Description>
      <DuplicateOf />
      <Ensure>Present</Ensure>
      <IsNullOrEmpty>False</IsNullOrEmpty>
      <Key>HKEY_LOCAL_MACHINE\Software\Policies\Microsoft\Windows Defender\Threats\ThreatSeverityDefaultAction</Key>
      <LegacyId>V-79971</LegacyId>
      <OrganizationValueRequired>True</OrganizationValueRequired>
      <OrganizationValueTestString>'{0}' -match '2|3'</OrganizationValueTestString>
      <RawString>Verify the policy value for Computer Configuration -&gt; Administrative Templates -&gt; Windows Components -&gt; Windows Defender Antivirus -&gt; Threats -&gt; "Specify threat alert levels at which default action should not be taken when detected" is set to "Enabled".  Click the “Show…” box option and verify the ‘Value name’ field contains a value of “1” and the ‘Value’ field  contains a “2".  A value of “3” in the ‘Value’ field is more restrictive and also an acceptable value.
  
Procedure: Use the Windows Registry Editor to navigate to the following key: 
HKLM\Software\Policies\Microsoft\Windows Defender\Threats\ThreatSeverityDefaultAction

Criteria: If the value "1" is REG_SZ = 2 (or 3), this is not a finding.</RawString>
      <ValueData />
      <ValueName>1</ValueName>
      <ValueType>String</ValueType>
    </Rule>
  </RegistryRule>
</DISASTIG>
