<DISASTIG version="1" classification="UNCLASSIFIED" customname="" stigid="Microsoft_Access_2016" description="The Microsoft Access 2016 Security Technical Implementation Guide (STIG) is published as a tool to improve the security of Department of Defense (DoD) information systems. Comments or proposed revisions to this document should be sent via e-mail to the following address: disa.stig_spt@mail.mil." filename="U_Microsoft_Access_2016_STIG_V1R1_Manual-xccdf.xml" releaseinfo="Release: 1 Benchmark Date: 14 Nov 2016" title="Microsoft Access 2016 Security Technical Implementation Guide" notice="terms-of-use" source="STIG.DOD.MIL" fullversion="1.1" created="1/10/2024">
  <RegistryRule dscresourcemodule="PSDscResources">
    <Rule id="V-70907" severity="medium" conversionstatus="pass" title="SRG-APP-000210" dscresource="RegistryPolicyFile">
      <Description>&lt;VulnDiscussion&gt;The Uniform Resource Locator (URL) standard allows user authentication to be included in URL strings in the form http://username:password@example.com. A malicious user might use this URL syntax to create a hyperlink that appears to open a legitimate website but actually opens a deceptive (spoofed) website. For example, the URL http://www.wingtiptoys.com@example.com appears to open http://www.wingtiptoys.com but actually opens http://example.com. To protect users from such attacks, Internet Explorer usually blocks any URLs using this syntax.

This functionality can be controlled separately for instances of Internet Explorer spawned by Office applications (for example, if a user clicks a link in an Office document or selects a menu option that loads a website). If user names and passwords in URLs are allowed, users could be diverted to dangerous Web pages, which could pose a security risk.&lt;/VulnDiscussion&gt;&lt;FalsePositives&gt;&lt;/FalsePositives&gt;&lt;FalseNegatives&gt;&lt;/FalseNegatives&gt;&lt;Documentable&gt;false&lt;/Documentable&gt;&lt;Mitigations&gt;&lt;/Mitigations&gt;&lt;SeverityOverrideGuidance&gt;&lt;/SeverityOverrideGuidance&gt;&lt;PotentialImpacts&gt;&lt;/PotentialImpacts&gt;&lt;ThirdPartyTools&gt;&lt;/ThirdPartyTools&gt;&lt;MitigationControl&gt;&lt;/MitigationControl&gt;&lt;Responsibility&gt;&lt;/Responsibility&gt;&lt;IAControls&gt;&lt;/IAControls&gt;</Description>
      <DuplicateOf />
      <Ensure>Present</Ensure>
      <IsNullOrEmpty>False</IsNullOrEmpty>
      <Key>HKEY_LOCAL_MACHINE\Software\Microsoft\Internet Explorer\Main\FeatureControl\FEATURE_HTTP_USERNAME_PASSWORD_DISABLE</Key>
      <LegacyId>
      </LegacyId>
      <OrganizationValueRequired>False</OrganizationValueRequired>
      <OrganizationValueTestString />
      <RawString>Verify the policy value for Computer Configuration -&gt; Administrative Templates -&gt; Microsoft Office 2016 (Machine) -&gt; Security Settings -&gt; IE Security "Disable user name and password" is set to "Enabled" and 'msaccess.exe' is checked.

Procedure: Use the Windows Registry Editor to navigate to the following key:
HKLM\Software\Microsoft\Internet Explorer\Main\FeatureControl\FEATURE_HTTP_USERNAME_PASSWORD_DISABLE

Criteria: If the value msaccess.exe is REG_DWORD = 1, this is not a finding.</RawString>
      <ValueData>1</ValueData>
      <ValueName>msaccess.exe</ValueName>
      <ValueType>Dword</ValueType>
    </Rule>
    <Rule id="V-70925" severity="medium" conversionstatus="pass" title="SRG-APP-000112" dscresource="RegistryPolicyFile">
      <Description>&lt;VulnDiscussion&gt;Internet Explorer performs a number of safety checks before initializing an ActiveX control. It will not initialize a control if the kill bit for the control is set in the registry, or if the security settings for the zone in which the control is located do not allow it to be initialized.
This functionality can be controlled separately for instances of Internet Explorer spawned by Office applications (for example, if a user clicks a link in an Office document or selects a menu option that loads a web page). A security risk could occur if potentially dangerous controls are allowed to load.&lt;/VulnDiscussion&gt;&lt;FalsePositives&gt;&lt;/FalsePositives&gt;&lt;FalseNegatives&gt;&lt;/FalseNegatives&gt;&lt;Documentable&gt;false&lt;/Documentable&gt;&lt;Mitigations&gt;&lt;/Mitigations&gt;&lt;SeverityOverrideGuidance&gt;&lt;/SeverityOverrideGuidance&gt;&lt;PotentialImpacts&gt;&lt;/PotentialImpacts&gt;&lt;ThirdPartyTools&gt;&lt;/ThirdPartyTools&gt;&lt;MitigationControl&gt;&lt;/MitigationControl&gt;&lt;Responsibility&gt;&lt;/Responsibility&gt;&lt;IAControls&gt;&lt;/IAControls&gt;</Description>
      <DuplicateOf />
      <Ensure>Present</Ensure>
      <IsNullOrEmpty>False</IsNullOrEmpty>
      <Key>HKEY_LOCAL_MACHINE\Software\Microsoft\Internet Explorer\Main\FeatureControl\FEATURE_SAFE_BINDTOOBJECT</Key>
      <LegacyId>
      </LegacyId>
      <OrganizationValueRequired>False</OrganizationValueRequired>
      <OrganizationValueTestString />
      <RawString>Verify the policy value for Computer Configuration -&gt; Administrative Templates -&gt; Microsoft Office 2016 (Machine) -&gt; Security Settings -&gt; IE Security "Bind to Object" is set to "Enabled" and 'msaccess.exe' is checked.

Procedure: Use the Windows Registry Editor to navigate to the following key: 

HKLM\Software\Microsoft\Internet Explorer\Main\FeatureControl\FEATURE_SAFE_BINDTOOBJECT

Criteria: If the value msaccess.exe is REG_DWORD = 1, this is not a finding.
</RawString>
      <ValueData>1</ValueData>
      <ValueName>msaccess.exe</ValueName>
      <ValueType>Dword</ValueType>
    </Rule>
    <Rule id="V-70927" severity="medium" conversionstatus="pass" title="SRG-APP-000210" dscresource="RegistryPolicyFile">
      <Description>&lt;VulnDiscussion&gt;Typically, when Internet Explorer loads a web page from a Universal Naming Convention (UNC) share that contains a Mark of the Web (MOTW) comment, indicating the page was saved from a site on the Internet, Internet Explorer runs the page in the Internet security zone instead of the less restrictive Local Intranet security zone. This functionality can be controlled separately for instances of Internet Explorer spawned by Office applications (for example, if a user clicks a link in an Office document or selects a menu option that loads a web page). If Internet Explorer does not evaluate the page for a MOTW, potentially dangerous code could be allowed to run.
&lt;/VulnDiscussion&gt;&lt;FalsePositives&gt;&lt;/FalsePositives&gt;&lt;FalseNegatives&gt;&lt;/FalseNegatives&gt;&lt;Documentable&gt;false&lt;/Documentable&gt;&lt;Mitigations&gt;&lt;/Mitigations&gt;&lt;SeverityOverrideGuidance&gt;&lt;/SeverityOverrideGuidance&gt;&lt;PotentialImpacts&gt;&lt;/PotentialImpacts&gt;&lt;ThirdPartyTools&gt;&lt;/ThirdPartyTools&gt;&lt;MitigationControl&gt;&lt;/MitigationControl&gt;&lt;Responsibility&gt;&lt;/Responsibility&gt;&lt;IAControls&gt;&lt;/IAControls&gt;</Description>
      <DuplicateOf />
      <Ensure>Present</Ensure>
      <IsNullOrEmpty>False</IsNullOrEmpty>
      <Key>HKEY_LOCAL_MACHINE\Software\Microsoft\Internet Explorer\Main\FeatureControl\FEATURE_UNC_SAVEDFILECHECK</Key>
      <LegacyId>
      </LegacyId>
      <OrganizationValueRequired>False</OrganizationValueRequired>
      <OrganizationValueTestString />
      <RawString>Verify the policy value for Computer Configuration -&gt; Administrative Templates -&gt; Microsoft Office 2016 (Machine) -&gt; Security Settings -&gt; IE Security "Saved from URL" is set to "Enabled" and 'msaccess.exe' is checked.

Procedure: Use the Windows Registry Editor to navigate to the following key: 

HKLM\Software\Microsoft\Internet Explorer\Main\FeatureControl\FEATURE_UNC_SAVEDFILECHECK

Criteria: If the value msaccess.exe is REG_DWORD = 1, this is not a finding.</RawString>
      <ValueData>1</ValueData>
      <ValueName>msaccess.exe</ValueName>
      <ValueType>Dword</ValueType>
    </Rule>
    <Rule id="V-70929" severity="medium" conversionstatus="pass" title="SRG-APP-000210" dscresource="RegistryPolicyFile">
      <Description>&lt;VulnDiscussion&gt;To protect users from attacks, Internet Explorer usually does not attempt to load malformed URLs. This functionality can be controlled separately for instances of Internet Explorer spawned by Office applications (for example, if a user clicks a link in an Office document or selects a menu option that loads a web page). If Internet Explorer attempts to load a malformed URL, a security risk could occur.
&lt;/VulnDiscussion&gt;&lt;FalsePositives&gt;&lt;/FalsePositives&gt;&lt;FalseNegatives&gt;&lt;/FalseNegatives&gt;&lt;Documentable&gt;false&lt;/Documentable&gt;&lt;Mitigations&gt;&lt;/Mitigations&gt;&lt;SeverityOverrideGuidance&gt;&lt;/SeverityOverrideGuidance&gt;&lt;PotentialImpacts&gt;&lt;/PotentialImpacts&gt;&lt;ThirdPartyTools&gt;&lt;/ThirdPartyTools&gt;&lt;MitigationControl&gt;&lt;/MitigationControl&gt;&lt;Responsibility&gt;&lt;/Responsibility&gt;&lt;IAControls&gt;&lt;/IAControls&gt;</Description>
      <DuplicateOf />
      <Ensure>Present</Ensure>
      <IsNullOrEmpty>False</IsNullOrEmpty>
      <Key>HKEY_LOCAL_MACHINE\Software\Microsoft\Internet Explorer\Main\FeatureControl\FEATURE_VALIDATE_NAVIGATE_URL</Key>
      <LegacyId>
      </LegacyId>
      <OrganizationValueRequired>False</OrganizationValueRequired>
      <OrganizationValueTestString />
      <RawString>Verify the policy value for Computer Configuration -&gt; Administrative Templates -&gt; Microsoft Office 2016 (Machine) -&gt; Security Settings -&gt; IE Security "Navigate URL" is set to "Enabled" and 'msaccess.exe' is checked.

Procedure: Use the Windows Registry Editor to navigate to the following key: 

HKLM\Software\Microsoft\Internet Explorer\Main\FeatureControl\FEATURE_VALIDATE_NAVIGATE_URL

Criteria: If the value msaccess.exe is REG_DWORD = 1, this is not a finding.</RawString>
      <ValueData>1</ValueData>
      <ValueName>msaccess.exe</ValueName>
      <ValueType>Dword</ValueType>
    </Rule>
    <Rule id="V-70931" severity="medium" conversionstatus="pass" title="SRG-APP-000112" dscresource="RegistryPolicyFile">
      <Description>&lt;VulnDiscussion&gt;Malicious websites often try to confuse or trick users into giving a site permission to perform an action allowing the site to take control of the users' computers in some manner. Disabling or not configuring this setting allows unknown websites to:
-Create browser windows appearing to be from the local operating system.
-Draw active windows displaying outside of the viewable areas of the screen capturing keyboard input.
-Overlay parent windows with their own browser windows to hide important system information, choices or prompts.&lt;/VulnDiscussion&gt;&lt;FalsePositives&gt;&lt;/FalsePositives&gt;&lt;FalseNegatives&gt;&lt;/FalseNegatives&gt;&lt;Documentable&gt;false&lt;/Documentable&gt;&lt;Mitigations&gt;&lt;/Mitigations&gt;&lt;SeverityOverrideGuidance&gt;&lt;/SeverityOverrideGuidance&gt;&lt;PotentialImpacts&gt;&lt;/PotentialImpacts&gt;&lt;ThirdPartyTools&gt;&lt;/ThirdPartyTools&gt;&lt;MitigationControl&gt;&lt;/MitigationControl&gt;&lt;Responsibility&gt;&lt;/Responsibility&gt;&lt;IAControls&gt;&lt;/IAControls&gt;</Description>
      <DuplicateOf />
      <Ensure>Present</Ensure>
      <IsNullOrEmpty>False</IsNullOrEmpty>
      <Key>HKEY_LOCAL_MACHINE\Software\Microsoft\Internet Explorer\Main\FeatureControl\FEATURE_WINDOW_RESTRICTIONS</Key>
      <LegacyId>
      </LegacyId>
      <OrganizationValueRequired>False</OrganizationValueRequired>
      <OrganizationValueTestString />
      <RawString>Verify the policy value for Computer Configuration -&gt; Administrative Templates -&gt; Microsoft Office 2016 (Machine) -&gt; Security Settings -&gt; IE Security "Scripted Window Security Restrictions" is set to "Enabled" and 'msaccess.exe' is checked.

Procedure: Use the Windows Registry Editor to navigate to the following key: 

HKLM\Software\Microsoft\Internet Explorer\Main\FeatureControl\FEATURE_WINDOW_RESTRICTIONS

Criteria: If the value msaccess.exe is REG_DWORD = 1, this is not a finding.</RawString>
      <ValueData>1</ValueData>
      <ValueName>msaccess.exe</ValueName>
      <ValueType>Dword</ValueType>
    </Rule>
    <Rule id="V-70933" severity="medium" conversionstatus="pass" title="SRG-APP-000207" dscresource="RegistryPolicyFile">
      <Description>&lt;VulnDiscussion&gt;Internet Explorer add-ons are pieces of code, run in Internet Explorer, to provide additional functionality. Rogue add-ons may contain viruses or other malicious code. Disabling or not configuring this setting could allow malicious code or users to become active on user computers or the network. For example, a malicious user can monitor and then use keystrokes users type into Internet Explorer. Even legitimate add-ons may demand resources, compromising the performance of Internet Explorer, and the operating systems for user computers.
&lt;/VulnDiscussion&gt;&lt;FalsePositives&gt;&lt;/FalsePositives&gt;&lt;FalseNegatives&gt;&lt;/FalseNegatives&gt;&lt;Documentable&gt;false&lt;/Documentable&gt;&lt;Mitigations&gt;&lt;/Mitigations&gt;&lt;SeverityOverrideGuidance&gt;&lt;/SeverityOverrideGuidance&gt;&lt;PotentialImpacts&gt;&lt;/PotentialImpacts&gt;&lt;ThirdPartyTools&gt;&lt;/ThirdPartyTools&gt;&lt;MitigationControl&gt;&lt;/MitigationControl&gt;&lt;Responsibility&gt;&lt;/Responsibility&gt;&lt;IAControls&gt;&lt;/IAControls&gt;</Description>
      <DuplicateOf />
      <Ensure>Present</Ensure>
      <IsNullOrEmpty>False</IsNullOrEmpty>
      <Key>HKEY_LOCAL_MACHINE\Software\Microsoft\Internet Explorer\Main\FeatureControl\FEATURE_ADDON_MANAGEMENT</Key>
      <LegacyId>
      </LegacyId>
      <OrganizationValueRequired>False</OrganizationValueRequired>
      <OrganizationValueTestString />
      <RawString>Verify the policy value for Computer Configuration -&gt; Administrative Templates -&gt; Microsoft Office 2016 (Machine) -&gt; Security Settings -&gt; IE Security "Add-on Management" is set to "Enabled" and 'msaccess.exe' is checked.

Procedure: Use the Windows Registry Editor to navigate to the following key: 

HKLM\Software\Microsoft\Internet Explorer\Main\FeatureControl\FEATURE_ADDON_MANAGEMENT

Criteria: If the value msaccess.exe is REG_DWORD = 1, this is not a finding.</RawString>
      <ValueData>1</ValueData>
      <ValueName>msaccess.exe</ValueName>
      <ValueType>Dword</ValueType>
    </Rule>
    <Rule id="V-70935" severity="medium" conversionstatus="pass" title="SRG-APP-000131" dscresource="RegistryPolicyFile">
      <Description>&lt;VulnDiscussion&gt;This policy setting controls whether add-ins for this applications must be digitally signed by a trusted publisher. If you enable this policy setting, this application checks the digital signature for each add-in before loading it. If an add-in does not have a digital signature, or if the signature did not come from a trusted publisher, this application disables the add-in and notifies the user. Certificates must be added to the Trusted Publishers list if you require that all add-ins be signed by a trusted publisher. For detail on about obtaining and distributing certificates, see http://go.microsoft.com/fwlink/?LinkId=294922. Office 2016 stores certificates for trusted publishers in the Internet Explorer trusted publisher store. Earlier versions of Microsoft Office stored trusted publisher certificate information (specifically, the certificate thumbprint) in a special Office trusted publisher store.  Office 2016 still reads trusted publisher certificate information from the Office trusted publisher store, but it does not write information to this store. Therefore, if you created a list of trusted publishers in a previous version of Office and you upgrade to Office 2016, your trusted publisher list will still be recognized. However, any trusted publisher certificates that you add to the list will be stored in the Internet Explorer trusted publisher store. For more information about trusted publishers, see the Office Resource Kit. If you disable or do not configure this policy setting, this application does not check the digital signature on application add-ins before opening them. If a dangerous add-in is loaded, it could harm users' computers or compromise data security.
&lt;/VulnDiscussion&gt;&lt;FalsePositives&gt;&lt;/FalsePositives&gt;&lt;FalseNegatives&gt;&lt;/FalseNegatives&gt;&lt;Documentable&gt;false&lt;/Documentable&gt;&lt;Mitigations&gt;&lt;/Mitigations&gt;&lt;SeverityOverrideGuidance&gt;&lt;/SeverityOverrideGuidance&gt;&lt;PotentialImpacts&gt;&lt;/PotentialImpacts&gt;&lt;ThirdPartyTools&gt;&lt;/ThirdPartyTools&gt;&lt;MitigationControl&gt;&lt;/MitigationControl&gt;&lt;Responsibility&gt;&lt;/Responsibility&gt;&lt;IAControls&gt;&lt;/IAControls&gt;</Description>
      <DuplicateOf />
      <Ensure>Present</Ensure>
      <IsNullOrEmpty>False</IsNullOrEmpty>
      <Key>HKEY_CURRENT_USER\Software\Policies\Microsoft\Office\16.0\access\security</Key>
      <LegacyId>
      </LegacyId>
      <OrganizationValueRequired>False</OrganizationValueRequired>
      <OrganizationValueTestString />
      <RawString>Verify the policy value for User Configuration -&gt; Administrative Templates -&gt; Microsoft Access 2016 -&gt; Application Settings -&gt; Security -&gt; Trust Center "Require that application add-ins are signed by Trusted Publisher" is set to "Enabled".

Procedure: Use the Windows Registry Editor to navigate to the following key: 

HKCU\Software\Policies\Microsoft\Office\16.0\access\security

Criteria: If the value RequireAddinSig is REG_DWORD = 1, this is not a finding.</RawString>
      <ValueData>1</ValueData>
      <ValueName>RequireAddinSig</ValueName>
      <ValueType>Dword</ValueType>
    </Rule>
    <Rule id="V-70937" severity="medium" conversionstatus="pass" title="SRG-APP-000207" dscresource="RegistryPolicyFile">
      <Description>&lt;VulnDiscussion&gt;The Pop-up Blocker feature in Internet Explorer can be used to block most unwanted pop-up and pop-under windows from appearing. This functionality can be controlled separately for instances of Internet Explorer spawned by Office applications (for example, if a user clicks a link in an Office document or selects a menu option that loads a web page). If the Pop-up Blocker is disabled, disruptive and potentially dangerous pop-up windows could load and present a security risk.
&lt;/VulnDiscussion&gt;&lt;FalsePositives&gt;&lt;/FalsePositives&gt;&lt;FalseNegatives&gt;&lt;/FalseNegatives&gt;&lt;Documentable&gt;false&lt;/Documentable&gt;&lt;Mitigations&gt;&lt;/Mitigations&gt;&lt;SeverityOverrideGuidance&gt;&lt;/SeverityOverrideGuidance&gt;&lt;PotentialImpacts&gt;&lt;/PotentialImpacts&gt;&lt;ThirdPartyTools&gt;&lt;/ThirdPartyTools&gt;&lt;MitigationControl&gt;&lt;/MitigationControl&gt;&lt;Responsibility&gt;&lt;/Responsibility&gt;&lt;IAControls&gt;&lt;/IAControls&gt;</Description>
      <DuplicateOf />
      <Ensure>Present</Ensure>
      <IsNullOrEmpty>False</IsNullOrEmpty>
      <Key>HKEY_LOCAL_MACHINE\Software\Microsoft\Internet Explorer\Main\FeatureControl\FEATURE_WEBOC_POPUPMANAGEMENT</Key>
      <LegacyId>
      </LegacyId>
      <OrganizationValueRequired>False</OrganizationValueRequired>
      <OrganizationValueTestString />
      <RawString>Verify the policy value for Computer Configuration -&gt; Administrative Templates -&gt; Microsoft Office 2016 (Machine) -&gt; Security Settings -&gt; IE Security "Block popups" is set to "Enabled" and 'msaccess.exe' is checked.

Procedure: Use the Windows Registry Editor to navigate to the following key: 

HKLM\Software\Microsoft\Internet Explorer\Main\FeatureControl\FEATURE_WEBOC_POPUPMANAGEMENT

Criteria: If the value msaccess.exe is REG_DWORD = 1, this is not a finding.</RawString>
      <ValueData>1</ValueData>
      <ValueName>msaccess.exe</ValueName>
      <ValueType>Dword</ValueType>
    </Rule>
    <Rule id="V-70939" severity="medium" conversionstatus="pass" title="SRG-APP-000488" dscresource="RegistryPolicyFile">
      <Description>&lt;VulnDiscussion&gt;This policy setting controls whether hyperlinks in Access tables, queries, forms, and reports are underlined. If you enable this policy setting, Access underlines all hyperlinks in tables, queries, forms, and reports when they are created, overriding any configuration changes on the users' computers. If you disable this policy setting, Access does not underline hyperlinks in tables, queries, forms and reports. If you do not configure this policy setting, Access underlines hyperlinks that appear in tables, queries, forms, and reports. Enabling this policy setting enforces the default configuration in Access, and is therefore unlikely to cause a significant usability issue for most users. If this configuration is changed, users might click on dangerous hyperlinks without realizing it, which could pose a security risk.
&lt;/VulnDiscussion&gt;&lt;FalsePositives&gt;&lt;/FalsePositives&gt;&lt;FalseNegatives&gt;&lt;/FalseNegatives&gt;&lt;Documentable&gt;false&lt;/Documentable&gt;&lt;Mitigations&gt;&lt;/Mitigations&gt;&lt;SeverityOverrideGuidance&gt;&lt;/SeverityOverrideGuidance&gt;&lt;PotentialImpacts&gt;&lt;/PotentialImpacts&gt;&lt;ThirdPartyTools&gt;&lt;/ThirdPartyTools&gt;&lt;MitigationControl&gt;&lt;/MitigationControl&gt;&lt;Responsibility&gt;&lt;/Responsibility&gt;&lt;IAControls&gt;&lt;/IAControls&gt;</Description>
      <DuplicateOf />
      <Ensure>Present</Ensure>
      <IsNullOrEmpty>False</IsNullOrEmpty>
      <Key>HKEY_CURRENT_USER\Software\Policies\Microsoft\Office\16.0\access\internet</Key>
      <LegacyId>
      </LegacyId>
      <OrganizationValueRequired>False</OrganizationValueRequired>
      <OrganizationValueTestString />
      <RawString>Verify the policy value for User Configuration -&gt; Administrative Templates -&gt; Microsoft Access 2016-&gt; Application Settings -&gt; Web Options... -&gt; General "Underline Hyperlinks" is set to "Enabled".

Procedure: Use the Windows Registry Editor to navigate to the following key: 

HKCU\Software\Policies\Microsoft\Office\16.0\access\internet

Criteria: If the value DoNotUnderlineHyperlinks is REG_DWORD = 0, this is not a finding.</RawString>
      <ValueData>0</ValueData>
      <ValueName>DoNotUnderlineHyperlinks</ValueName>
      <ValueType>Dword</ValueType>
    </Rule>
    <Rule id="V-70941" severity="medium" conversionstatus="pass" title="SRG-APP-000131" dscresource="RegistryPolicyFile">
      <Description>&lt;VulnDiscussion&gt;This policy setting controls whether the specified Office application notifies users when unsigned application add-ins are loaded or silently disable such add-ins without notification. This policy setting only applies if you enable the "Require that application add-ins are signed by Trusted Publisher" policy setting, which prevents users from changing this policy setting. If you enable this policy setting, applications automatically disable unsigned add-ins without informing users. If you disable this policy setting, if this application is configured to require that all add-ins be signed by a trusted publisher, any unsigned add-ins the application loads will be disabled and the application will display the Trust Bar at the top of the active window. The Trust Bar contains a message that informs users about the unsigned add-in. If you do not configure this policy setting, the disable behavior applies, and in addition, users can configure this requirement themselves in the "Add-ins" category of the Trust Center for the application.
&lt;/VulnDiscussion&gt;&lt;FalsePositives&gt;&lt;/FalsePositives&gt;&lt;FalseNegatives&gt;&lt;/FalseNegatives&gt;&lt;Documentable&gt;false&lt;/Documentable&gt;&lt;Mitigations&gt;&lt;/Mitigations&gt;&lt;SeverityOverrideGuidance&gt;&lt;/SeverityOverrideGuidance&gt;&lt;PotentialImpacts&gt;&lt;/PotentialImpacts&gt;&lt;ThirdPartyTools&gt;&lt;/ThirdPartyTools&gt;&lt;MitigationControl&gt;&lt;/MitigationControl&gt;&lt;Responsibility&gt;&lt;/Responsibility&gt;&lt;IAControls&gt;&lt;/IAControls&gt;</Description>
      <DuplicateOf />
      <Ensure>Present</Ensure>
      <IsNullOrEmpty>False</IsNullOrEmpty>
      <Key>HKEY_CURRENT_USER\Software\Policies\Microsoft\Office\16.0\access\security</Key>
      <LegacyId>
      </LegacyId>
      <OrganizationValueRequired>False</OrganizationValueRequired>
      <OrganizationValueTestString />
      <RawString>Verify the policy value for User Configuration -&gt; Administrative Templates -&gt; Microsoft Access 2016 -&gt; Application Settings -&gt; Security -&gt; Trust Center "Disable Trust Bar Notification for unsigned application add-ins and block them" is set to "Enabled".

Procedure: Use the Windows Registry Editor to navigate to the following key: 

HKCU\Software\Policies\Microsoft\Office\16.0\access\security

Criteria: If the value NoTBPromptUnsignedAddin is REG_DWORD = 1, this is not a finding.</RawString>
      <ValueData>1</ValueData>
      <ValueName>NoTBPromptUnsignedAddin</ValueName>
      <ValueType>Dword</ValueType>
    </Rule>
    <Rule id="V-70943" severity="medium" conversionstatus="pass" title="SRG-APP-000209" dscresource="RegistryPolicyFile">
      <Description>&lt;VulnDiscussion&gt;Disabling this setting allows websites to present file download prompts via code without the user specifically initiating the download. User preferences may also allow the download to occur without prompting or interaction with the user. Even if Internet Explorer prompts the user to accept the download, some websites abuse this functionality. Malicious websites may continually prompt users to download a file or present confusing dialog boxes to trick users into downloading or running a file. If the download occurs and it contains malicious code, the code could become active on user computers or the network.
&lt;/VulnDiscussion&gt;&lt;FalsePositives&gt;&lt;/FalsePositives&gt;&lt;FalseNegatives&gt;&lt;/FalseNegatives&gt;&lt;Documentable&gt;false&lt;/Documentable&gt;&lt;Mitigations&gt;&lt;/Mitigations&gt;&lt;SeverityOverrideGuidance&gt;&lt;/SeverityOverrideGuidance&gt;&lt;PotentialImpacts&gt;&lt;/PotentialImpacts&gt;&lt;ThirdPartyTools&gt;&lt;/ThirdPartyTools&gt;&lt;MitigationControl&gt;&lt;/MitigationControl&gt;&lt;Responsibility&gt;&lt;/Responsibility&gt;&lt;IAControls&gt;&lt;/IAControls&gt;</Description>
      <DuplicateOf />
      <Ensure>Present</Ensure>
      <IsNullOrEmpty>False</IsNullOrEmpty>
      <Key>HKEY_LOCAL_MACHINE\Software\Microsoft\Internet Explorer\Main\FeatureControl\FEATURE_RESTRICT_FILEDOWNLOAD</Key>
      <LegacyId>
      </LegacyId>
      <OrganizationValueRequired>False</OrganizationValueRequired>
      <OrganizationValueTestString />
      <RawString>Verify the policy value for Computer Configuration -&gt; Administrative Templates -&gt; Microsoft Office 2016 (Machine) -&gt; Security Settings -&gt; IE Security "Restrict File Download" is set to "Enabled" and 'msaccess.exe' is checked.

Procedure: Use the Windows Registry Editor to navigate to the following key: 

HKLM\Software\Microsoft\Internet Explorer\Main\FeatureControl\FEATURE_RESTRICT_FILEDOWNLOAD

Criteria: If the value of msaccess.exe is REG_DWORD = 1, this is not a finding.</RawString>
      <ValueData>1</ValueData>
      <ValueName>msaccess.exe</ValueName>
      <ValueType>Dword</ValueType>
    </Rule>
    <Rule id="V-70945" severity="medium" conversionstatus="pass" title="SRG-APP-000488" dscresource="RegistryPolicyFile">
      <Description>&lt;VulnDiscussion&gt;This policy setting controls how Access notifies users about untrusted components. If you enable this policy setting, when users attempt to open an untrusted Access database that contains user-programmed executable components, users see a dialog box where they then must choose whether to enable or disable the components before they can work with the database. If you disable or do not configure this policy setting, when users open an untrusted Access database that contains user-programmed executable components, Access opens the database with the components disabled and displays the Message Bar with a warning that database content has been disabled. Users can inspect the contents of the database, but cannot use any disabled functionality until they enable it by clicking Options on the Message Bar and selecting the appropriate action.
&lt;/VulnDiscussion&gt;&lt;FalsePositives&gt;&lt;/FalsePositives&gt;&lt;FalseNegatives&gt;&lt;/FalseNegatives&gt;&lt;Documentable&gt;false&lt;/Documentable&gt;&lt;Mitigations&gt;&lt;/Mitigations&gt;&lt;SeverityOverrideGuidance&gt;&lt;/SeverityOverrideGuidance&gt;&lt;PotentialImpacts&gt;&lt;/PotentialImpacts&gt;&lt;ThirdPartyTools&gt;&lt;/ThirdPartyTools&gt;&lt;MitigationControl&gt;&lt;/MitigationControl&gt;&lt;Responsibility&gt;&lt;/Responsibility&gt;&lt;IAControls&gt;&lt;/IAControls&gt;</Description>
      <DuplicateOf />
      <Ensure>Present</Ensure>
      <IsNullOrEmpty>False</IsNullOrEmpty>
      <Key>HKEY_CURRENT_USER\Software\Policies\Microsoft\Office\16.0\access\security</Key>
      <LegacyId>
      </LegacyId>
      <OrganizationValueRequired>False</OrganizationValueRequired>
      <OrganizationValueTestString />
      <RawString>Verify the policy value for User Configuration -&gt; Administrative Templates -&gt; Microsoft Access 2016 -&gt; Tools \ Security "Modal Trust Decision Only" is set to "Disabled".

Procedure: Use the Windows Registry Editor to navigate to the following key: 

HKCU\Software\Policies\Microsoft\Office\16.0\access\security

Criteria: If the value ModalTrustDecisionOnly is REG_DWORD = 0, this is not a finding.</RawString>
      <ValueData>0</ValueData>
      <ValueName>ModalTrustDecisionOnly</ValueName>
      <ValueType>Dword</ValueType>
    </Rule>
    <Rule id="V-70947" severity="medium" conversionstatus="pass" title="SRG-APP-000141" dscresource="RegistryPolicyFile">
      <Description>&lt;VulnDiscussion&gt;This policy setting controls whether new database files are created in the new Access format or in a format used by earlier versions of Access. If you enable this policy setting, you can specify whether new database files are created in Access 2016 format by default or in Access 2002--2003 format. Users can still override the default and select a specific format when they save the files, but cannot set the default by themselves from the Access Options dialog. If you disable or do not configure this policy setting, when users create new database files, Access saves them in the new Access 2016 format; however, users can change this functionality by selecting a file format from the Default file format drop down list under Access Options | Popular | Creating databases. Note: If you disable this policy setting, users can choose from three default file formats: Access 2000, Access 2002--2003, and Access 2016. You can use this policy setting to specify either the Access 2002--2003 or Access 2016 format as the default, but not the Access 2000 format.
&lt;/VulnDiscussion&gt;&lt;FalsePositives&gt;&lt;/FalsePositives&gt;&lt;FalseNegatives&gt;&lt;/FalseNegatives&gt;&lt;Documentable&gt;false&lt;/Documentable&gt;&lt;Mitigations&gt;&lt;/Mitigations&gt;&lt;SeverityOverrideGuidance&gt;&lt;/SeverityOverrideGuidance&gt;&lt;PotentialImpacts&gt;&lt;/PotentialImpacts&gt;&lt;ThirdPartyTools&gt;&lt;/ThirdPartyTools&gt;&lt;MitigationControl&gt;&lt;/MitigationControl&gt;&lt;Responsibility&gt;&lt;/Responsibility&gt;&lt;IAControls&gt;&lt;/IAControls&gt;</Description>
      <DuplicateOf />
      <Ensure>Present</Ensure>
      <IsNullOrEmpty>False</IsNullOrEmpty>
      <Key>HKEY_CURRENT_USER\Software\Policies\Microsoft\Office\16.0\access\settings</Key>
      <LegacyId>
      </LegacyId>
      <OrganizationValueRequired>True</OrganizationValueRequired>
      <OrganizationValueTestString>'{0}' -match '0x0000000c|12'</OrganizationValueTestString>
      <RawString>Verify the policy value for User Configuration -&gt; Administrative Templates -&gt; Microsoft Access 2016 -&gt; Miscellaneous "Default File Format" is set to "Enabled (Access 2007)".

Procedure: Use the Windows Registry Editor to navigate to the following key: 

HKCU\Software\Policies\Microsoft\Office\16.0\access\settings

Criteria: If the value Default File Format is REG_DWORD =  0x0000000c (hex) or 12 (Decimal), this is not a finding.</RawString>
      <ValueData />
      <ValueName>Default</ValueName>
      <ValueType>Dword</ValueType>
    </Rule>
    <Rule id="V-70949" severity="medium" conversionstatus="pass" title="SRG-APP-000112" dscresource="RegistryPolicyFile">
      <Description>&lt;VulnDiscussion&gt;Internet Explorer places restrictions on each web page users can use the browser to open. Web pages on a user's local computer have the fewest security restrictions and reside in the Local Machine zone, making this security zone a prime target for malicious users and code. Disabling or not configuring this setting could allow pages in the Internet zone to navigate to pages in the Local Machine zone to then run code to elevate privileges. This could allow malicious code or users to become active on user computers or the network.
&lt;/VulnDiscussion&gt;&lt;FalsePositives&gt;&lt;/FalsePositives&gt;&lt;FalseNegatives&gt;&lt;/FalseNegatives&gt;&lt;Documentable&gt;false&lt;/Documentable&gt;&lt;Mitigations&gt;&lt;/Mitigations&gt;&lt;SeverityOverrideGuidance&gt;&lt;/SeverityOverrideGuidance&gt;&lt;PotentialImpacts&gt;&lt;/PotentialImpacts&gt;&lt;ThirdPartyTools&gt;&lt;/ThirdPartyTools&gt;&lt;MitigationControl&gt;&lt;/MitigationControl&gt;&lt;Responsibility&gt;&lt;/Responsibility&gt;&lt;IAControls&gt;&lt;/IAControls&gt;</Description>
      <DuplicateOf />
      <Ensure>Present</Ensure>
      <IsNullOrEmpty>False</IsNullOrEmpty>
      <Key>HKEY_LOCAL_MACHINE\Software\Microsoft\Internet Explorer\Main\FeatureControl\FEATURE_ZONE_ELEVATION</Key>
      <LegacyId>
      </LegacyId>
      <OrganizationValueRequired>False</OrganizationValueRequired>
      <OrganizationValueTestString />
      <RawString>Verify the policy value for Computer Configuration -&gt; Administrative Templates -&gt; Microsoft Office 2016 (Machine) -&gt; Security Settings -&gt; IE Security "Protection From Zone Elevation" is set to "Enabled" and 'msaccess.exe' is checked.

Procedure: Use the Windows Registry Editor to navigate to the following key: 

HKLM\Software\Microsoft\Internet Explorer\Main\FeatureControl\FEATURE_ZONE_ELEVATION

Criteria: If the value msaccess.exe is REG_DWORD = 1, this is not a finding.</RawString>
      <ValueData>1</ValueData>
      <ValueName>msaccess.exe</ValueName>
      <ValueType>Dword</ValueType>
    </Rule>
    <Rule id="V-70951" severity="medium" conversionstatus="pass" title="SRG-APP-000488" dscresource="RegistryPolicyFile">
      <Description>&lt;VulnDiscussion&gt;Microsoft ActiveX controls allow unmanaged, unprotected code to run on the user computers. ActiveX controls do not run within a protected container in the browser like the other types of HTML or Microsoft Silverlight-based controls. Disabling or not configuring this setting does not block prompts for ActiveX control installations, and these prompts display to users. This could allow malicious code to become active on user computers or the network.
&lt;/VulnDiscussion&gt;&lt;FalsePositives&gt;&lt;/FalsePositives&gt;&lt;FalseNegatives&gt;&lt;/FalseNegatives&gt;&lt;Documentable&gt;false&lt;/Documentable&gt;&lt;Mitigations&gt;&lt;/Mitigations&gt;&lt;SeverityOverrideGuidance&gt;&lt;/SeverityOverrideGuidance&gt;&lt;PotentialImpacts&gt;&lt;/PotentialImpacts&gt;&lt;ThirdPartyTools&gt;&lt;/ThirdPartyTools&gt;&lt;MitigationControl&gt;&lt;/MitigationControl&gt;&lt;Responsibility&gt;&lt;/Responsibility&gt;&lt;IAControls&gt;&lt;/IAControls&gt;</Description>
      <DuplicateOf />
      <Ensure>Present</Ensure>
      <IsNullOrEmpty>False</IsNullOrEmpty>
      <Key>HKEY_LOCAL_MACHINE\Software\Microsoft\Internet Explorer\Main\FeatureControl\FEATURE_RESTRICT_ACTIVEXINSTALL</Key>
      <LegacyId>
      </LegacyId>
      <OrganizationValueRequired>False</OrganizationValueRequired>
      <OrganizationValueTestString />
      <RawString>Verify the policy value for Computer Configuration -&gt; Administrative Templates -&gt; Microsoft Office 2016 (Machine) -&gt; Security Settings -&gt; IE Security "Restrict ActiveX Install" is set to "Enabled" and 'msaccess.exe' is checked.

Procedure: Use the Windows Registry Editor to navigate to the following key: 

HKLM\Software\Microsoft\Internet Explorer\Main\FeatureControl\FEATURE_RESTRICT_ACTIVEXINSTALL

Criteria: If the value msaccess.exe is REG_DWORD = 1, this is not a finding.</RawString>
      <ValueData>1</ValueData>
      <ValueName>msaccess.exe</ValueName>
      <ValueType>Dword</ValueType>
    </Rule>
    <Rule id="V-70953" severity="medium" conversionstatus="pass" title="SRG-APP-000141" dscresource="RegistryPolicyFile">
      <Description>&lt;VulnDiscussion&gt;This policy setting controls how the specified applications warn users when Visual Basic for Applications (VBA) macros are present. If you enable this policy setting, you can choose from four options for determining how the specified applications will warn the user about macros: - Disable all with notification:  The application displays the Trust Bar for all macros, whether signed or unsigned. This option enforces the default configuration in Office. - Disable all except digitally signed macros: The application displays the Trust Bar for digitally signed macros, allowing users to enable them or leave them disabled. Any unsigned macros are disabled, and users are not notified. - Disable all without notification: The application disables all macros, whether signed or unsigned, and does not notify users. - Enable all macros (not recommended):  All macros are enabled, whether signed or unsigned. This option can significantly reduce security by allowing dangerous code to run undetected. If you disable this policy setting, "Disable all with notification" will be the default setting. If you do not configure this policy setting, when users open files in the specified applications that contain VBA macros, the applications open the files with the macros disabled and display the Trust Bar with a warning that macros are present and have been disabled. Users can inspect and edit the files if appropriate, but cannot use any disabled functionality until they enable it by clicking "Enable Content" on the Trust Bar.  If the user clicks "Enable Content", then the document is added as a trusted document. Important: If "Disable all except digitally signed macros" is selected, users will not be able to open unsigned Access databases. Also, note that Microsoft Office stores certificates for trusted publishers in the Internet Explorer trusted publisher store. Earlier versions of Microsoft Office stored trusted publisher certificate information (specifically, the certificate thumbprint) in a special Office trusted publisher store. Microsoft Office still reads trusted publisher certificate information from the Office trusted publisher store, but it does not write information to this store. Therefore, if you created a list of trusted publishers in a previous version of Microsoft Office and you upgrade to Office, your trusted publisher list will still be recognized. However, any trusted publisher certificates that you add to the list will be stored in the Internet Explorer trusted publisher store.
&lt;/VulnDiscussion&gt;&lt;FalsePositives&gt;&lt;/FalsePositives&gt;&lt;FalseNegatives&gt;&lt;/FalseNegatives&gt;&lt;Documentable&gt;false&lt;/Documentable&gt;&lt;Mitigations&gt;&lt;/Mitigations&gt;&lt;SeverityOverrideGuidance&gt;&lt;/SeverityOverrideGuidance&gt;&lt;PotentialImpacts&gt;&lt;/PotentialImpacts&gt;&lt;ThirdPartyTools&gt;&lt;/ThirdPartyTools&gt;&lt;MitigationControl&gt;&lt;/MitigationControl&gt;&lt;Responsibility&gt;&lt;/Responsibility&gt;&lt;IAControls&gt;&lt;/IAControls&gt;</Description>
      <DuplicateOf />
      <Ensure>Present</Ensure>
      <IsNullOrEmpty>False</IsNullOrEmpty>
      <Key>HKEY_CURRENT_USER\software\policies\Microsoft\office\16.0\access\security</Key>
      <LegacyId>
      </LegacyId>
      <OrganizationValueRequired>True</OrganizationValueRequired>
      <OrganizationValueTestString>'{0}' -match '2|3|4|1'</OrganizationValueTestString>
      <RawString>Verify the policy value for User Configuration -&gt; Administrative Templates -&gt; Microsoft Access 2016 -&gt; Application Settings -&gt; Security -&gt;  Trust Center -&gt; "VBA macro Notification Settings" is set to "Enabled: Disable all with notification".  The options ‘Enabled: Disable all except digitally signed macros’ and ‘Enabled: Disable all without notification’ are more restrictive and also acceptable values. 

Procedure: Use the Windows Registry Editor to navigate to the following key: 

HKCU\software\policies\Microsoft\office\16.0\access\security

Criteria: If the value vbawarnings is REG_DWORD = 2, this is not a finding.   Values of REG_DWORD = 3 or 4 are also acceptable values.    If the registry key does not exist or the value is REG_DWORD =1, then this is a finding. 
</RawString>
      <ValueData />
      <ValueName>vbawarnings</ValueName>
      <ValueType>Dword</ValueType>
    </Rule>
  </RegistryRule>
</DISASTIG>
